// DO NOT EDIT THIS FILE! THIS FILE WAS GENERATED BY `dev/tools/unicode_data_generator`.
// Unicode version: 17.0.0

// Decomposition data: 83'939 bytes

#ifndef UNI_CPP_IMPL_UNICODE_DATA_DATA_DECOMPOSITION_DATA_INLINE_HPP
#define UNI_CPP_IMPL_UNICODE_DATA_DATA_DECOMPOSITION_DATA_INLINE_HPP

#include <cstdint>
#include <array>

namespace upp::impl::unicode_data::decomposition::impl
{
    // 4'065 bytes
    inline constexpr std::array<std::uint8_t, 4065> stage1{
        0x61, 0x61, 0x61, 0xDE, 0xAD, 0xB1, 0xAE, 0xAB, 0x2E, 0xAC, 0xA9, 0x1C, 0x61, 0x61, 0x2A, 0xDB, 0x61, 0x30, 0xB5, 0x23, 0x10, 0x0B, 0xDC,
        0x21, 0x61, 0x1B, 0xBB, 0x61, 0x61, 0x2B, 0x61, 0x61, 0x19, 0x61, 0xBC, 0x61, 0x41, 0x61, 0x61, 0x61, 0x61, 0x61, 0x61, 0x61, 0x61, 0x61,
        0x61, 0x61, 0xC6, 0xB9, 0x61, 0x61, 0xDD, 0x61, 0xB4, 0x32, 0x61, 0x61, 0x61, 0x61, 0x1A, 0x3E, 0x5D, 0x61, 0x61, 0x11, 0x61, 0x61, 0x3D,
        0x61, 0x20, 0x61, 0x61, 0x38, 0x61, 0x1E, 0x61, 0x61, 0x09, 0x18, 0x1D, 0x4B, 0x2C, 0xC4, 0x61, 0x61, 0xC5, 0x61, 0x61, 0x61, 0x42, 0x61,
        0x61, 0x61, 0x61, 0x61, 0x61, 0x61, 0x61, 0x61, 0x61, 0x61, 0x61, 0x61, 0x61, 0x61, 0x61, 0x61, 0x61, 0x61, 0x61, 0x61, 0x61, 0x61, 0x61,
        0x61, 0x61, 0x61, 0x61, 0x61, 0x61, 0x61, 0x61, 0x61, 0x61, 0x61, 0x61, 0x61, 0x61, 0x61, 0x61, 0x61, 0x61, 0x61, 0x61, 0x61, 0x61, 0x61,
        0x61, 0x61, 0x61, 0x61, 0x61, 0x61, 0xD7, 0xD9, 0x61, 0x61, 0x61, 0x61, 0x61, 0x61, 0x61, 0x61, 0x61, 0x0A, 0xD4, 0x22, 0x4C, 0x61, 0xAA,
        0xA7, 0xA8, 0xA5, 0xA6, 0xC1, 0xBF, 0xBA, 0xA3, 0xA4, 0xD2, 0xB0, 0x14, 0xC9, 0x1F, 0x61, 0xA1, 0xA2, 0xD6, 0xBD, 0x2D, 0x0F, 0xD5, 0x4D,
        0x9F, 0x61, 0x54, 0x31, 0x61, 0x61, 0x61, 0x61, 0x61, 0x61, 0xA0, 0x9D, 0xCF, 0x61, 0x61, 0x61, 0x61, 0x61, 0x61, 0x61, 0x61, 0x61, 0x61,
        0x61, 0x61, 0x61, 0x61, 0x61, 0x61, 0x61, 0x61, 0x61, 0x61, 0x61, 0x61, 0x61, 0x61, 0x61, 0x61, 0x61, 0x46, 0x61, 0x0E, 0x61, 0xD8, 0x61,
        0x61, 0x61, 0x61, 0x61, 0x61, 0x61, 0x61, 0x43, 0x61, 0x61, 0x61, 0x61, 0x24, 0x61, 0x61, 0x61, 0x61, 0x61, 0x49, 0x61, 0x51, 0x9E, 0x9B,
        0x9C, 0x99, 0x5C, 0x60, 0x0C, 0x4E, 0xD3, 0x34, 0xD0, 0xBE, 0x9A, 0x2F, 0x61, 0x44, 0x97, 0x98, 0x95, 0x96, 0x93, 0x94, 0x91, 0x92, 0x8F,
        0x90, 0x52, 0x61, 0x61, 0x61, 0x61, 0x61, 0x61, 0x61, 0x61, 0x61, 0x61, 0x61, 0x61, 0x61, 0x61, 0x61, 0x61, 0x61, 0x61, 0x61, 0x61, 0x61,
        0x61, 0x61, 0x61, 0x61, 0x61, 0x61, 0x61, 0x61, 0x61, 0x61, 0x61, 0x61, 0x61, 0x61, 0x61, 0x61, 0x61, 0x61, 0x61, 0x61, 0x61, 0x61, 0x61,
        0x61, 0x61, 0x61, 0x61, 0x61, 0x61, 0x61, 0x61, 0x61, 0x61, 0x61, 0x61, 0x61, 0x61, 0x61, 0x61, 0x61, 0x61, 0x61, 0x61, 0x61, 0x61, 0x61,
        0x61, 0x61, 0x61, 0x61, 0x61, 0x61, 0x61, 0x61, 0x61, 0x61, 0x61, 0x61, 0x61, 0x61, 0x61, 0x61, 0x61, 0x61, 0x61, 0x61, 0x61, 0x61, 0x61,
        0x61, 0x61, 0x61, 0x61, 0x61, 0x61, 0x61, 0x61, 0x61, 0x61, 0x61, 0x61, 0x61, 0x61, 0x61, 0x61, 0x61, 0x61, 0x61, 0x61, 0x61, 0x61, 0x61,
        0x61, 0x61, 0x61, 0x61, 0x61, 0x61, 0x61, 0x61, 0x61, 0x61, 0x61, 0x61, 0x61, 0x61, 0x61, 0x61, 0x61, 0x61, 0x61, 0x61, 0x61, 0x61, 0x61,
        0x61, 0x61, 0x61, 0x61, 0x61, 0x61, 0x61, 0x61, 0x61, 0x61, 0x61, 0x61, 0x61, 0x61, 0x61, 0x61, 0x61, 0x61, 0x61, 0x61, 0x61, 0x61, 0x61,
        0x61, 0x61, 0x61, 0x61, 0x61, 0x61, 0x61, 0x61, 0x61, 0x61, 0x61, 0x61, 0x61, 0x61, 0x61, 0x61, 0x61, 0x61, 0x61, 0x61, 0x61, 0x61, 0x61,
        0x61, 0x61, 0x61, 0x61, 0x61, 0x61, 0x61, 0x61, 0x61, 0x61, 0x61, 0x61, 0x61, 0x61, 0x61, 0x61, 0x61, 0x61, 0x61, 0x61, 0x61, 0x61, 0x61,
        0x61, 0x61, 0x61, 0x61, 0x61, 0x61, 0x61, 0x61, 0x61, 0x61, 0x61, 0x61, 0x61, 0x61, 0x61, 0x61, 0x61, 0x61, 0x61, 0x61, 0x61, 0x61, 0x61,
        0x61, 0x61, 0x61, 0x61, 0x61, 0x61, 0x61, 0x61, 0x61, 0x61, 0x61, 0x61, 0x61, 0x61, 0x61, 0x61, 0x61, 0x61, 0x61, 0x61, 0x61, 0x61, 0x61,
        0x61, 0x61, 0x61, 0x61, 0x61, 0x61, 0x61, 0x61, 0x61, 0x61, 0x61, 0x61, 0x61, 0x61, 0x61, 0x61, 0x61, 0x61, 0x61, 0x61, 0x61, 0x61, 0x61,
        0x61, 0x61, 0x61, 0x61, 0x61, 0x61, 0x61, 0x61, 0x61, 0x61, 0x61, 0x61, 0x61, 0x61, 0x61, 0x61, 0x61, 0x61, 0x61, 0x61, 0x61, 0x61, 0x61,
        0x61, 0x61, 0x61, 0x61, 0x61, 0x61, 0x61, 0x61, 0x61, 0x61, 0x61, 0x61, 0x61, 0x61, 0x61, 0x61, 0x61, 0x61, 0x61, 0x61, 0x61, 0x61, 0x61,
        0x61, 0x61, 0x61, 0x61, 0x61, 0x61, 0x61, 0x61, 0x61, 0x61, 0x61, 0x61, 0x61, 0x61, 0x61, 0x61, 0x61, 0x61, 0x61, 0x61, 0x61, 0x61, 0x61,
        0x61, 0x61, 0x61, 0x61, 0x61, 0x61, 0x61, 0x61, 0x61, 0x61, 0x61, 0x61, 0x61, 0x61, 0x61, 0x61, 0x61, 0x61, 0x61, 0x61, 0x61, 0x61, 0x61,
        0x61, 0x61, 0x61, 0x61, 0x61, 0x61, 0x61, 0x61, 0x61, 0x61, 0x61, 0x61, 0x61, 0x61, 0x61, 0x61, 0x61, 0x61, 0x61, 0x61, 0x61, 0x61, 0x61,
        0x61, 0x61, 0x61, 0x61, 0x61, 0x61, 0x61, 0x61, 0x61, 0x61, 0x61, 0x61, 0x61, 0x61, 0x61, 0x61, 0x61, 0x61, 0x61, 0x61, 0x61, 0x61, 0x61,
        0x61, 0x61, 0x61, 0x61, 0x61, 0x61, 0x61, 0x61, 0x61, 0x61, 0x61, 0x61, 0x61, 0x61, 0x61, 0x61, 0x61, 0x61, 0x61, 0x61, 0x61, 0x61, 0x61,
        0x61, 0x61, 0x61, 0x61, 0x61, 0x61, 0x61, 0x61, 0x61, 0x61, 0x61, 0x61, 0x61, 0x61, 0x61, 0x61, 0x61, 0x61, 0x61, 0x61, 0x61, 0x61, 0x61,
        0x61, 0x61, 0x61, 0x61, 0x61, 0x61, 0x61, 0x61, 0x61, 0x61, 0x61, 0x61, 0x61, 0x61, 0x61, 0x61, 0x61, 0x61, 0x61, 0x61, 0x61, 0x61, 0x61,
        0x61, 0x61, 0x61, 0x61, 0x61, 0x61, 0x61, 0x61, 0x61, 0x61, 0x61, 0x61, 0x61, 0x61, 0x61, 0x61, 0x61, 0x61, 0x61, 0x61, 0x61, 0x61, 0x61,
        0x61, 0x61, 0x61, 0x61, 0x61, 0x61, 0x61, 0x61, 0x61, 0x61, 0x61, 0x61, 0x61, 0x61, 0x61, 0x61, 0x61, 0x61, 0x61, 0x61, 0x61, 0x61, 0x61,
        0x61, 0x61, 0x61, 0x61, 0x61, 0x61, 0x61, 0x61, 0x61, 0x61, 0x61, 0x61, 0x61, 0x61, 0x61, 0x61, 0x61, 0x61, 0x61, 0x61, 0x61, 0x61, 0x61,
        0x61, 0x61, 0x61, 0x61, 0x61, 0x61, 0x61, 0x61, 0x61, 0x61, 0x61, 0x61, 0x61, 0x61, 0x61, 0x61, 0x61, 0x61, 0x61, 0x61, 0x61, 0x61, 0x61,
        0x61, 0x61, 0x61, 0x61, 0x61, 0x61, 0x61, 0x61, 0x61, 0x61, 0x61, 0x61, 0x61, 0x61, 0x61, 0x61, 0x61, 0x61, 0x61, 0x61, 0x61, 0x61, 0x61,
        0x61, 0x61, 0x61, 0x61, 0x61, 0x61, 0x61, 0x61, 0x61, 0x61, 0x61, 0x61, 0x61, 0x61, 0xDA, 0x61, 0x61, 0x61, 0x61, 0x65, 0x61, 0x33, 0x61,
        0x61, 0x61, 0x61, 0x61, 0x61, 0x61, 0x61, 0x61, 0x61, 0x61, 0x61, 0x61, 0x61, 0x61, 0x61, 0x61, 0x62, 0x37, 0x61, 0x61, 0x61, 0x61, 0x61,
        0x61, 0x61, 0x61, 0x61, 0x61, 0x61, 0x61, 0x61, 0x61, 0x61, 0x61, 0x61, 0x61, 0x61, 0x61, 0x61, 0x61, 0x61, 0x61, 0x61, 0x61, 0x61, 0x61,
        0x61, 0x61, 0x61, 0x61, 0x61, 0x61, 0x61, 0x61, 0x61, 0x61, 0x61, 0x61, 0x61, 0x61, 0x61, 0x61, 0x61, 0x61, 0x61, 0x61, 0x61, 0x61, 0x61,
        0x61, 0x61, 0x61, 0x61, 0x61, 0x61, 0x61, 0x61, 0x61, 0x61, 0x61, 0x61, 0x61, 0x61, 0x61, 0x61, 0x61, 0x61, 0x61, 0x61, 0x61, 0x61, 0x61,
        0x61, 0x61, 0x61, 0x61, 0x61, 0x61, 0x61, 0x61, 0x61, 0x61, 0x61, 0x61, 0x61, 0x61, 0x61, 0x61, 0x61, 0x61, 0x61, 0x61, 0x61, 0x61, 0x61,
        0x61, 0x61, 0x61, 0x61, 0x61, 0x61, 0x61, 0x61, 0x61, 0x61, 0x61, 0x61, 0x61, 0x61, 0x61, 0x61, 0x61, 0x61, 0x61, 0x61, 0x61, 0x61, 0x61,
        0x61, 0x61, 0x61, 0x61, 0x61, 0x61, 0x61, 0x61, 0x61, 0x61, 0x61, 0x61, 0x61, 0x61, 0x61, 0x61, 0x61, 0x61, 0x61, 0x61, 0x61, 0x61, 0x61,
        0x61, 0x61, 0x61, 0x61, 0x61, 0x61, 0x61, 0x61, 0x61, 0x61, 0x61, 0x61, 0x61, 0x61, 0x61, 0x61, 0x61, 0x61, 0x61, 0x61, 0x61, 0x61, 0x61,
        0x61, 0x61, 0x61, 0x61, 0x61, 0x61, 0x61, 0x61, 0x61, 0x61, 0x61, 0x61, 0x61, 0x61, 0x61, 0x61, 0x61, 0x61, 0x61, 0x61, 0x61, 0x61, 0x61,
        0x61, 0x61, 0x61, 0x61, 0x61, 0x61, 0x61, 0x61, 0x61, 0x61, 0x61, 0x61, 0x61, 0x61, 0x61, 0x61, 0x61, 0x61, 0x61, 0x61, 0x61, 0x61, 0x61,
        0x61, 0x61, 0x61, 0x61, 0x61, 0x61, 0x61, 0x61, 0x61, 0x61, 0x61, 0x61, 0x61, 0x61, 0x61, 0x61, 0x61, 0x61, 0x61, 0x61, 0x61, 0x61, 0x61,
        0x61, 0x61, 0x61, 0x61, 0x61, 0x61, 0x61, 0x61, 0x61, 0x61, 0x61, 0x61, 0x61, 0x61, 0x61, 0x61, 0x61, 0x61, 0x61, 0x61, 0x61, 0x61, 0x61,
        0x61, 0x61, 0x61, 0x61, 0x61, 0x61, 0x61, 0x61, 0x61, 0x61, 0x61, 0x61, 0x61, 0x61, 0x61, 0x61, 0x61, 0x61, 0x61, 0x61, 0x61, 0x61, 0x61,
        0x61, 0x61, 0x61, 0x61, 0x61, 0x61, 0x61, 0x61, 0x61, 0x61, 0x61, 0x61, 0x61, 0x61, 0x61, 0x61, 0x61, 0x61, 0x61, 0x61, 0x61, 0x61, 0x61,
        0x61, 0x61, 0x61, 0x61, 0x61, 0x61, 0x61, 0x61, 0x61, 0x61, 0x61, 0x61, 0x61, 0x61, 0x61, 0x61, 0x61, 0x61, 0x61, 0x61, 0x61, 0x61, 0x61,
        0x61, 0x61, 0x61, 0x61, 0x61, 0x61, 0x61, 0x61, 0x61, 0x61, 0x61, 0x61, 0x61, 0x61, 0x61, 0x61, 0x61, 0x61, 0x61, 0x61, 0x61, 0x61, 0x61,
        0x61, 0x61, 0x61, 0x61, 0x61, 0x61, 0x61, 0x61, 0x61, 0x61, 0x61, 0x61, 0x61, 0x61, 0x61, 0x61, 0x61, 0x61, 0x61, 0x61, 0x61, 0x61, 0x61,
        0x61, 0x61, 0x61, 0x61, 0x61, 0x61, 0x61, 0x61, 0x61, 0x61, 0x61, 0x61, 0x61, 0x61, 0x61, 0x61, 0x61, 0x61, 0x61, 0x61, 0x61, 0x61, 0x61,
        0x61, 0x61, 0x61, 0x61, 0x61, 0x61, 0x61, 0x61, 0x61, 0x61, 0x61, 0x61, 0x61, 0x61, 0x61, 0x61, 0x61, 0x8D, 0x8E, 0x8B, 0x8C, 0x89, 0xB8,
        0x8A, 0x87, 0x88, 0xC7, 0x25, 0xCA, 0x85, 0x86, 0x48, 0xC8, 0x83, 0x84, 0x81, 0x82, 0x7F, 0x80, 0x29, 0x7D, 0x7E, 0x0D, 0x4A, 0x7B, 0xC3,
        0x7C, 0x79, 0xB6, 0xB7, 0x7A, 0x77, 0xB2, 0xC2, 0x61, 0x61, 0x61, 0x61, 0x61, 0x61, 0x61, 0x61, 0x61, 0x61, 0x61, 0x61, 0x61, 0x61, 0x61,
        0x61, 0x61, 0x61, 0x61, 0x61, 0x61, 0x61, 0x61, 0x61, 0x61, 0x61, 0x61, 0x61, 0x61, 0x61, 0x61, 0x26, 0x61, 0x61, 0x61, 0x61, 0x61, 0x61,
        0x61, 0x61, 0x4F, 0x50, 0x61, 0x61, 0x61, 0x61, 0x61, 0x61, 0x61, 0x61, 0x61, 0x61, 0x61, 0x61, 0x61, 0x61, 0x61, 0x61, 0x61, 0x61, 0x61,
        0x61, 0x61, 0x61, 0x61, 0x61, 0x61, 0x61, 0x61, 0x61, 0x61, 0x61, 0x61, 0x61, 0x61, 0x61, 0x61, 0x61, 0x61, 0x61, 0x61, 0x61, 0x61, 0x61,
        0x61, 0x61, 0x61, 0x61, 0x3C, 0x27, 0x61, 0x66, 0x61, 0x61, 0x61, 0x61, 0x61, 0x61, 0x61, 0x61, 0x61, 0x61, 0x61, 0x3F, 0x36, 0x28, 0x61,
        0x61, 0x61, 0x61, 0x5F, 0x61, 0x61, 0x61, 0x61, 0x61, 0x12, 0x61, 0x61, 0x61, 0x61, 0x61, 0x61, 0x61, 0x61, 0x61, 0x61, 0x61, 0x61, 0x61,
        0x61, 0x61, 0x61, 0x61, 0x13, 0x61, 0x61, 0x61, 0x61, 0x61, 0x61, 0x61, 0x61, 0x61, 0x61, 0x61, 0x61, 0x61, 0x61, 0x61, 0x61, 0x61, 0x61,
        0x61, 0x61, 0x61, 0x61, 0x61, 0x61, 0x61, 0x61, 0x61, 0x61, 0x61, 0x61, 0x61, 0x61, 0x61, 0x61, 0x61, 0x61, 0x61, 0x61, 0x61, 0x61, 0x61,
        0x61, 0x61, 0x61, 0x61, 0x61, 0x61, 0x61, 0x61, 0x61, 0x61, 0x61, 0x61, 0x61, 0x61, 0x61, 0x61, 0x61, 0x61, 0x61, 0x61, 0x61, 0x61, 0x61,
        0x61, 0x61, 0x61, 0x61, 0x61, 0x61, 0x61, 0x61, 0x61, 0x61, 0x61, 0x61, 0x61, 0x61, 0x61, 0x61, 0x61, 0x61, 0x61, 0x61, 0x61, 0x61, 0x61,
        0x61, 0x61, 0x61, 0x61, 0x61, 0x61, 0x61, 0x61, 0x61, 0x61, 0x61, 0x61, 0x61, 0x61, 0x61, 0x61, 0x61, 0x61, 0x61, 0x61, 0x61, 0x61, 0x61,
        0x61, 0x61, 0x61, 0x61, 0x61, 0x61, 0x61, 0x61, 0x61, 0x61, 0x61, 0x61, 0x61, 0x61, 0x61, 0x61, 0x61, 0x61, 0x61, 0x61, 0x61, 0x61, 0x61,
        0x61, 0x61, 0x61, 0x61, 0x61, 0x61, 0x61, 0x61, 0x61, 0x61, 0x61, 0x61, 0x61, 0x61, 0x61, 0x61, 0x61, 0x61, 0x61, 0x61, 0x61, 0x61, 0x61,
        0x61, 0x61, 0x61, 0x61, 0x61, 0x61, 0x61, 0x61, 0x61, 0x61, 0x61, 0x61, 0x61, 0x61, 0x61, 0x61, 0x61, 0x61, 0x61, 0x61, 0x61, 0x61, 0x61,
        0x61, 0x61, 0x61, 0x61, 0x61, 0x61, 0x61, 0x61, 0x61, 0x61, 0x61, 0x61, 0x61, 0x61, 0x61, 0x61, 0x61, 0x61, 0x61, 0x61, 0x61, 0x61, 0x61,
        0x61, 0x61, 0x61, 0x61, 0x61, 0x61, 0x61, 0x61, 0x61, 0x61, 0x61, 0x61, 0x61, 0x61, 0x61, 0x61, 0x61, 0x61, 0x61, 0x61, 0x61, 0x61, 0x61,
        0x61, 0x61, 0x61, 0x61, 0x61, 0x61, 0x61, 0x61, 0x61, 0x61, 0x61, 0x61, 0x61, 0x61, 0x61, 0x61, 0x61, 0x61, 0x61, 0x61, 0x61, 0x61, 0x61,
        0x61, 0x61, 0x61, 0x61, 0x61, 0x61, 0x61, 0x61, 0x61, 0x61, 0x61, 0x61, 0x61, 0x61, 0x61, 0x61, 0x61, 0x61, 0x61, 0x61, 0x61, 0x61, 0x61,
        0x61, 0x61, 0x61, 0x61, 0x61, 0x61, 0x61, 0x61, 0x61, 0x61, 0x61, 0x61, 0x61, 0x61, 0x61, 0x61, 0x61, 0x61, 0x61, 0x61, 0x61, 0x61, 0x61,
        0x61, 0x61, 0x61, 0x61, 0x61, 0x61, 0x61, 0x61, 0x61, 0x61, 0x61, 0x61, 0x61, 0x61, 0x61, 0x61, 0x61, 0x61, 0x61, 0x61, 0x61, 0x61, 0x61,
        0x61, 0x61, 0x61, 0x61, 0x61, 0x61, 0x61, 0x61, 0x61, 0x61, 0x61, 0x61, 0x61, 0x61, 0x61, 0x61, 0x61, 0x61, 0x61, 0x61, 0x61, 0x61, 0x61,
        0x61, 0x61, 0x61, 0x61, 0x61, 0x61, 0x61, 0x61, 0x61, 0x61, 0x61, 0x61, 0x61, 0x61, 0x61, 0x61, 0x61, 0x61, 0x61, 0x61, 0x61, 0x61, 0x61,
        0x61, 0x61, 0x61, 0x61, 0x61, 0x61, 0x61, 0x61, 0x61, 0x61, 0x61, 0x61, 0x61, 0x61, 0x61, 0x61, 0x61, 0x61, 0x61, 0x61, 0x35, 0x61, 0x61,
        0x61, 0x61, 0x61, 0x61, 0x61, 0x61, 0x61, 0x61, 0x61, 0x61, 0x61, 0x61, 0x61, 0x61, 0x61, 0x61, 0x61, 0x61, 0x61, 0x61, 0x61, 0x61, 0x61,
        0x61, 0x61, 0x61, 0x61, 0x61, 0x61, 0x61, 0x61, 0x61, 0x61, 0x61, 0x61, 0x61, 0x61, 0x61, 0x61, 0x61, 0x61, 0x61, 0x61, 0x61, 0x61, 0x61,
        0x61, 0x61, 0x61, 0x61, 0x61, 0x61, 0x61, 0x61, 0x61, 0x61, 0x61, 0x61, 0x61, 0x61, 0x61, 0x61, 0x47, 0x61, 0x61, 0x61, 0x61, 0x61, 0x61,
        0x61, 0x61, 0x61, 0x61, 0x61, 0x61, 0x61, 0x61, 0x61, 0x61, 0x61, 0x61, 0x61, 0x61, 0x61, 0x61, 0x61, 0x61, 0x61, 0x61, 0x61, 0x61, 0x61,
        0x61, 0x61, 0x61, 0x61, 0x61, 0x61, 0x61, 0x61, 0x61, 0x61, 0x61, 0x61, 0x61, 0x61, 0x61, 0x61, 0x61, 0x61, 0x61, 0x61, 0x61, 0x61, 0x61,
        0x61, 0x61, 0x61, 0x61, 0x61, 0x61, 0x61, 0x61, 0x61, 0x61, 0x61, 0x61, 0x61, 0x61, 0x61, 0x61, 0x61, 0x61, 0x61, 0x61, 0x61, 0x61, 0x61,
        0x61, 0x61, 0x61, 0x61, 0x61, 0x61, 0x61, 0x61, 0x61, 0x61, 0x61, 0x61, 0x61, 0x61, 0x61, 0x61, 0x61, 0x61, 0x61, 0x61, 0x61, 0x61, 0x61,
        0x61, 0x61, 0x61, 0x61, 0x61, 0x61, 0x61, 0x61, 0x61, 0x61, 0x61, 0x61, 0x61, 0x61, 0x61, 0x61, 0x61, 0x61, 0x61, 0x61, 0x61, 0x61, 0x61,
        0x61, 0x61, 0x61, 0x61, 0x61, 0x61, 0x61, 0x61, 0x61, 0x61, 0x61, 0x61, 0x61, 0x61, 0x61, 0x61, 0x61, 0x61, 0x61, 0x61, 0x61, 0x61, 0x61,
        0x61, 0x61, 0x61, 0x61, 0x61, 0x61, 0x61, 0x61, 0x61, 0x61, 0x61, 0x61, 0x61, 0x61, 0x61, 0x61, 0x61, 0x61, 0x61, 0x61, 0x61, 0x61, 0x61,
        0x61, 0x61, 0x61, 0x61, 0x61, 0x61, 0x61, 0x61, 0x61, 0x61, 0x61, 0x61, 0x61, 0x61, 0x61, 0x61, 0x61, 0x61, 0x61, 0x61, 0x61, 0x61, 0x61,
        0x61, 0x61, 0x61, 0x61, 0x61, 0x61, 0x61, 0x61, 0x61, 0x61, 0x61, 0x61, 0x61, 0x61, 0x61, 0x61, 0x61, 0x61, 0x61, 0x61, 0x61, 0x61, 0x61,
        0x61, 0x61, 0x61, 0x61, 0x61, 0x61, 0x61, 0x61, 0x61, 0x61, 0x61, 0x61, 0x61, 0x61, 0x61, 0x61, 0x61, 0x61, 0x61, 0x61, 0x61, 0x61, 0x61,
        0x61, 0x61, 0x61, 0x61, 0x61, 0x61, 0x61, 0x61, 0x61, 0x61, 0x61, 0x61, 0x61, 0x61, 0x61, 0x61, 0x61, 0x61, 0x61, 0x61, 0x61, 0x61, 0x61,
        0x61, 0x61, 0x61, 0x61, 0x61, 0x61, 0x61, 0x61, 0x61, 0x61, 0x61, 0x61, 0x61, 0x61, 0x61, 0x61, 0x61, 0x61, 0x61, 0x61, 0x61, 0x61, 0x61,
        0x61, 0x61, 0x61, 0x61, 0x61, 0x61, 0x61, 0x61, 0x61, 0x61, 0x61, 0x61, 0x61, 0x61, 0x61, 0x61, 0x61, 0x61, 0x61, 0x61, 0x61, 0x61, 0x61,
        0x61, 0x61, 0x61, 0x61, 0x61, 0x61, 0x61, 0x61, 0x61, 0x61, 0x61, 0x61, 0x61, 0x61, 0x61, 0x61, 0x61, 0x61, 0x61, 0x61, 0x61, 0x61, 0x61,
        0x61, 0x61, 0x61, 0x61, 0x61, 0x61, 0x61, 0x61, 0x61, 0x61, 0x61, 0x61, 0x61, 0x61, 0x61, 0x61, 0x61, 0x61, 0x61, 0x61, 0x61, 0x61, 0x61,
        0x61, 0x61, 0x61, 0x61, 0x61, 0x61, 0x61, 0x61, 0x61, 0x61, 0x61, 0x61, 0x61, 0x61, 0x61, 0x61, 0x61, 0x61, 0x61, 0x61, 0x61, 0x61, 0x61,
        0x61, 0x61, 0x61, 0x61, 0x61, 0x61, 0x61, 0x61, 0x61, 0x61, 0x61, 0x61, 0x61, 0x61, 0x61, 0x61, 0x61, 0x61, 0x61, 0x61, 0x61, 0x61, 0x61,
        0x61, 0x61, 0x61, 0x61, 0x61, 0x61, 0x61, 0x61, 0x61, 0x61, 0x61, 0x61, 0x61, 0x61, 0x61, 0x61, 0x61, 0x61, 0x61, 0x61, 0x61, 0x61, 0x61,
        0x61, 0x61, 0x61, 0x61, 0x61, 0x61, 0x61, 0x61, 0x61, 0x61, 0x61, 0x61, 0x61, 0x61, 0x61, 0x61, 0x61, 0x61, 0x61, 0x61, 0x61, 0x61, 0x61,
        0x61, 0x61, 0x61, 0x61, 0x61, 0x61, 0x61, 0x61, 0x61, 0x61, 0x61, 0x61, 0x61, 0x61, 0x61, 0x61, 0x61, 0x61, 0x61, 0x61, 0x61, 0x61, 0x61,
        0x61, 0x61, 0x61, 0x61, 0x61, 0x61, 0x61, 0x61, 0x61, 0x61, 0x61, 0x61, 0x61, 0x61, 0x61, 0x61, 0x61, 0x61, 0x61, 0x61, 0x61, 0x61, 0x61,
        0x61, 0x61, 0x61, 0x61, 0x61, 0x61, 0x61, 0x61, 0x61, 0x61, 0x61, 0x61, 0x61, 0x61, 0x61, 0x61, 0x61, 0x61, 0x61, 0x40, 0x08, 0x61, 0x61,
        0x61, 0x61, 0x61, 0x61, 0x61, 0x61, 0x61, 0x61, 0x61, 0x61, 0x61, 0x61, 0x61, 0x61, 0x61, 0x61, 0x61, 0x61, 0x61, 0x61, 0x64, 0x5E, 0x55,
        0x63, 0x61, 0x61, 0x61, 0x61, 0x61, 0x61, 0x61, 0x61, 0x61, 0x61, 0x61, 0x02, 0xCD, 0x01, 0xCE, 0x00, 0xCB, 0x78, 0xCC, 0x07, 0x06, 0x05,
        0x04, 0x03, 0x02, 0x56, 0x5B, 0x5A, 0x59, 0x58, 0x57, 0x39, 0x3A, 0x61, 0x61, 0x61, 0x61, 0x61, 0x61, 0x61, 0x61, 0x61, 0x61, 0x61, 0x61,
        0x61, 0x61, 0x61, 0x61, 0x61, 0x61, 0x61, 0x61, 0x61, 0x61, 0x61, 0x61, 0x61, 0x61, 0x61, 0x61, 0x61, 0x61, 0x61, 0x61, 0x61, 0x61, 0x61,
        0x61, 0x61, 0x61, 0x61, 0x61, 0x61, 0x61, 0x61, 0x75, 0x16, 0x61, 0x61, 0x61, 0x61, 0x61, 0x61, 0x61, 0x61, 0x61, 0x61, 0x61, 0x61, 0x61,
        0x61, 0x61, 0x61, 0x61, 0x61, 0x61, 0x61, 0x61, 0x61, 0x61, 0x61, 0x61, 0x61, 0x61, 0x61, 0x61, 0x61, 0x61, 0x61, 0x61, 0x61, 0x61, 0x61,
        0x61, 0x61, 0x61, 0x61, 0x61, 0x61, 0x61, 0x61, 0x61, 0x61, 0x61, 0x61, 0x61, 0x61, 0x61, 0x61, 0x61, 0x61, 0x61, 0x61, 0x61, 0x61, 0x61,
        0x61, 0x61, 0x61, 0x61, 0x61, 0x61, 0x61, 0x61, 0x61, 0x61, 0x61, 0x61, 0xD1, 0xAF, 0xC0, 0x76, 0xB3, 0x61, 0x61, 0x61, 0x61, 0x61, 0x61,
        0x61, 0x61, 0x61, 0x61, 0x61, 0x53, 0x73, 0x74, 0x17, 0x61, 0x61, 0x71, 0x45, 0x61, 0x61, 0x61, 0x61, 0x61, 0x61, 0x61, 0x61, 0x61, 0x61,
        0x61, 0x61, 0x61, 0x61, 0x61, 0x61, 0x61, 0x61, 0x61, 0x61, 0x61, 0x61, 0x61, 0x61, 0x61, 0x61, 0x61, 0x61, 0x61, 0x61, 0x61, 0x61, 0x61,
        0x61, 0x61, 0x61, 0x61, 0x61, 0x61, 0x61, 0x61, 0x61, 0x61, 0x61, 0x61, 0x61, 0x61, 0x61, 0x61, 0x61, 0x61, 0x3B, 0x61, 0x61, 0x61, 0x61,
        0x61, 0x61, 0x61, 0x61, 0x61, 0x61, 0x61, 0x61, 0x61, 0x61, 0x61, 0x61, 0x61, 0x61, 0x61, 0x61, 0x61, 0x61, 0x61, 0x61, 0x61, 0x61, 0x61,
        0x61, 0x61, 0x61, 0x61, 0x61, 0x61, 0x61, 0x61, 0x61, 0x61, 0x61, 0x61, 0x61, 0x61, 0x61, 0x61, 0x61, 0x61, 0x61, 0x61, 0x61, 0x61, 0x61,
        0x61, 0x61, 0x61, 0x61, 0x61, 0x61, 0x61, 0x61, 0x61, 0x61, 0x61, 0x61, 0x61, 0x61, 0x61, 0x61, 0x61, 0x61, 0x61, 0x61, 0x61, 0x61, 0x61,
        0x61, 0x61, 0x61, 0x61, 0x61, 0x61, 0x61, 0x61, 0x61, 0x61, 0x61, 0x61, 0x61, 0x61, 0x61, 0x61, 0x61, 0x61, 0x61, 0x61, 0x61, 0x61, 0x61,
        0x61, 0x61, 0x61, 0x61, 0x61, 0x61, 0x61, 0x61, 0x61, 0x61, 0x61, 0x61, 0x61, 0x61, 0x61, 0x61, 0x61, 0x61, 0x61, 0x61, 0x61, 0x61, 0x61,
        0x61, 0x61, 0x61, 0x61, 0x61, 0x61, 0x61, 0x61, 0x61, 0x61, 0x61, 0x61, 0x61, 0x61, 0x61, 0x61, 0x61, 0x61, 0x61, 0x61, 0x61, 0x61, 0x61,
        0x61, 0x61, 0x61, 0x61, 0x61, 0x61, 0x61, 0x61, 0x61, 0x61, 0x61, 0x61, 0x61, 0x61, 0x61, 0x61, 0x61, 0x61, 0x61, 0x61, 0x61, 0x61, 0x61,
        0x61, 0x61, 0x61, 0x61, 0x61, 0x61, 0x61, 0x61, 0x61, 0x61, 0x61, 0x61, 0x61, 0x61, 0x61, 0x61, 0x61, 0x61, 0x61, 0x61, 0x61, 0x61, 0x61,
        0x61, 0x61, 0x61, 0x61, 0x61, 0x61, 0x61, 0x61, 0x61, 0x61, 0x61, 0x61, 0x61, 0x61, 0x61, 0x61, 0x61, 0x61, 0x61, 0x61, 0x61, 0x61, 0x61,
        0x61, 0x61, 0x61, 0x61, 0x61, 0x61, 0x61, 0x61, 0x61, 0x61, 0x61, 0x61, 0x61, 0x61, 0x61, 0x61, 0x61, 0x61, 0x61, 0x61, 0x61, 0x61, 0x61,
        0x61, 0x61, 0x61, 0x61, 0x61, 0x61, 0x61, 0x61, 0x61, 0x61, 0x61, 0x61, 0x61, 0x61, 0x61, 0x61, 0x61, 0x61, 0x61, 0x61, 0x61, 0x61, 0x61,
        0x61, 0x61, 0x61, 0x61, 0x61, 0x61, 0x61, 0x61, 0x61, 0x61, 0x61, 0x61, 0x61, 0x61, 0x61, 0x61, 0x61, 0x61, 0x61, 0x61, 0x61, 0x61, 0x61,
        0x61, 0x61, 0x61, 0x61, 0x61, 0x61, 0x61, 0x61, 0x61, 0x61, 0x61, 0x61, 0x61, 0x61, 0x61, 0x61, 0x61, 0x61, 0x61, 0x61, 0x61, 0x61, 0x61,
        0x61, 0x61, 0x61, 0x61, 0x61, 0x61, 0x61, 0x61, 0x61, 0x61, 0x61, 0x61, 0x61, 0x61, 0x61, 0x61, 0x61, 0x61, 0x61, 0x61, 0x61, 0x61, 0x61,
        0x61, 0x61, 0x61, 0x61, 0x61, 0x61, 0x61, 0x61, 0x61, 0x61, 0x61, 0x61, 0x61, 0x61, 0x61, 0x61, 0x61, 0x61, 0x61, 0x61, 0x61, 0x61, 0x61,
        0x61, 0x61, 0x61, 0x61, 0x61, 0x61, 0x61, 0x61, 0x61, 0x61, 0x61, 0x61, 0x61, 0x61, 0x61, 0x61, 0x61, 0x61, 0x61, 0x61, 0x61, 0x61, 0x61,
        0x61, 0x61, 0x61, 0x61, 0x61, 0x61, 0x61, 0x61, 0x61, 0x61, 0x61, 0x61, 0x61, 0x61, 0x61, 0x61, 0x61, 0x61, 0x61, 0x61, 0x61, 0x61, 0x61,
        0x61, 0x61, 0x61, 0x61, 0x61, 0x61, 0x61, 0x61, 0x61, 0x61, 0x61, 0x61, 0x61, 0x61, 0x61, 0x61, 0x61, 0x61, 0x61, 0x61, 0x61, 0x61, 0x61,
        0x61, 0x61, 0x61, 0x61, 0x61, 0x61, 0x61, 0x61, 0x61, 0x61, 0x61, 0x61, 0x61, 0x61, 0x61, 0x61, 0x61, 0x61, 0x61, 0x61, 0x61, 0x61, 0x61,
        0x61, 0x61, 0x61, 0x61, 0x61, 0x61, 0x61, 0x61, 0x61, 0x61, 0x61, 0x61, 0x61, 0x61, 0x61, 0x61, 0x61, 0x61, 0x61, 0x61, 0x61, 0x61, 0x61,
        0x61, 0x61, 0x61, 0x61, 0x61, 0x61, 0x61, 0x61, 0x61, 0x61, 0x61, 0x61, 0x61, 0x61, 0x61, 0x61, 0x61, 0x61, 0x61, 0x61, 0x61, 0x61, 0x61,
        0x61, 0x61, 0x61, 0x61, 0x61, 0x61, 0x61, 0x61, 0x61, 0x61, 0x61, 0x61, 0x61, 0x61, 0x61, 0x61, 0x61, 0x61, 0x61, 0x61, 0x61, 0x61, 0x61,
        0x61, 0x61, 0x61, 0x61, 0x61, 0x61, 0x61, 0x61, 0x61, 0x61, 0x61, 0x61, 0x61, 0x61, 0x61, 0x61, 0x61, 0x61, 0x61, 0x61, 0x61, 0x61, 0x61,
        0x61, 0x61, 0x61, 0x61, 0x61, 0x61, 0x61, 0x61, 0x61, 0x61, 0x61, 0x61, 0x61, 0x61, 0x61, 0x61, 0x61, 0x61, 0x61, 0x61, 0x61, 0x61, 0x61,
        0x61, 0x61, 0x61, 0x61, 0x61, 0x61, 0x61, 0x61, 0x61, 0x61, 0x61, 0x61, 0x61, 0x61, 0x61, 0x61, 0x61, 0x61, 0x61, 0x61, 0x61, 0x61, 0x61,
        0x61, 0x61, 0x61, 0x61, 0x61, 0x61, 0x61, 0x61, 0x61, 0x61, 0x61, 0x61, 0x61, 0x61, 0x61, 0x61, 0x61, 0x61, 0x61, 0x61, 0x61, 0x61, 0x61,
        0x61, 0x61, 0x61, 0x61, 0x61, 0x61, 0x61, 0x61, 0x61, 0x61, 0x61, 0x61, 0x61, 0x61, 0x61, 0x61, 0x61, 0x61, 0x61, 0x61, 0x61, 0x61, 0x61,
        0x61, 0x61, 0x61, 0x61, 0x61, 0x61, 0x61, 0x61, 0x61, 0x61, 0x61, 0x61, 0x61, 0x61, 0x61, 0x61, 0x61, 0x61, 0x61, 0x61, 0x61, 0x61, 0x61,
        0x61, 0x61, 0x61, 0x61, 0x61, 0x61, 0x61, 0x61, 0x61, 0x61, 0x61, 0x61, 0x61, 0x61, 0x61, 0x61, 0x61, 0x61, 0x61, 0x61, 0x61, 0x61, 0x61,
        0x61, 0x61, 0x61, 0x61, 0x61, 0x61, 0x61, 0x61, 0x61, 0x61, 0x61, 0x61, 0x61, 0x61, 0x61, 0x61, 0x61, 0x61, 0x61, 0x61, 0x61, 0x61, 0x61,
        0x61, 0x61, 0x61, 0x61, 0x61, 0x61, 0x61, 0x61, 0x61, 0x61, 0x61, 0x61, 0x61, 0x61, 0x61, 0x61, 0x61, 0x61, 0x61, 0x61, 0x61, 0x61, 0x61,
        0x61, 0x61, 0x61, 0x61, 0x61, 0x61, 0x61, 0x61, 0x61, 0x61, 0x61, 0x61, 0x61, 0x61, 0x61, 0x61, 0x61, 0x61, 0x61, 0x61, 0x61, 0x61, 0x61,
        0x61, 0x61, 0x61, 0x61, 0x61, 0x61, 0x61, 0x61, 0x61, 0x61, 0x61, 0x61, 0x61, 0x61, 0x61, 0x61, 0x61, 0x61, 0x61, 0x61, 0x61, 0x61, 0x61,
        0x61, 0x61, 0x61, 0x61, 0x61, 0x61, 0x61, 0x61, 0x61, 0x61, 0x61, 0x61, 0x61, 0x61, 0x61, 0x61, 0x61, 0x61, 0x61, 0x61, 0x61, 0x61, 0x61,
        0x61, 0x61, 0x61, 0x61, 0x61, 0x61, 0x61, 0x61, 0x61, 0x61, 0x61, 0x61, 0x61, 0x61, 0x61, 0x61, 0x61, 0x61, 0x61, 0x61, 0x61, 0x61, 0x61,
        0x61, 0x61, 0x61, 0x61, 0x61, 0x61, 0x61, 0x61, 0x61, 0x61, 0x61, 0x61, 0x61, 0x61, 0x61, 0x61, 0x61, 0x61, 0x61, 0x61, 0x61, 0x61, 0x61,
        0x61, 0x61, 0x61, 0x61, 0x61, 0x61, 0x61, 0x61, 0x61, 0x61, 0x61, 0x61, 0x61, 0x61, 0x61, 0x61, 0x61, 0x61, 0x61, 0x61, 0x61, 0x61, 0x61,
        0x61, 0x61, 0x61, 0x61, 0x61, 0x61, 0x61, 0x61, 0x61, 0x61, 0x61, 0x61, 0x61, 0x61, 0x61, 0x61, 0x61, 0x61, 0x61, 0x61, 0x61, 0x61, 0x61,
        0x61, 0x61, 0x61, 0x61, 0x61, 0x61, 0x61, 0x61, 0x61, 0x61, 0x61, 0x61, 0x61, 0x61, 0x61, 0x61, 0x61, 0x61, 0x61, 0x61, 0x61, 0x61, 0x61,
        0x61, 0x61, 0x61, 0x61, 0x61, 0x61, 0x61, 0x61, 0x61, 0x61, 0x61, 0x61, 0x61, 0x61, 0x61, 0x61, 0x61, 0x61, 0x61, 0x61, 0x61, 0x61, 0x61,
        0x61, 0x61, 0x61, 0x61, 0x61, 0x61, 0x61, 0x61, 0x61, 0x61, 0x61, 0x61, 0x61, 0x61, 0x61, 0x61, 0x61, 0x61, 0x61, 0x61, 0x61, 0x61, 0x61,
        0x61, 0x61, 0x61, 0x61, 0x61, 0x61, 0x61, 0x61, 0x61, 0x61, 0x61, 0x61, 0x61, 0x61, 0x61, 0x61, 0x61, 0x61, 0x61, 0x61, 0x61, 0x61, 0x61,
        0x61, 0x61, 0x61, 0x61, 0x61, 0x61, 0x61, 0x61, 0x61, 0x61, 0x61, 0x61, 0x61, 0x61, 0x61, 0x61, 0x61, 0x61, 0x61, 0x61, 0x61, 0x61, 0x61,
        0x61, 0x61, 0x61, 0x61, 0x61, 0x61, 0x61, 0x61, 0x61, 0x61, 0x61, 0x61, 0x61, 0x61, 0x61, 0x61, 0x61, 0x61, 0x61, 0x61, 0x61, 0x61, 0x61,
        0x61, 0x61, 0x61, 0x61, 0x61, 0x61, 0x61, 0x61, 0x61, 0x61, 0x61, 0x61, 0x61, 0x61, 0x61, 0x61, 0x61, 0x61, 0x61, 0x61, 0x61, 0x61, 0x61,
        0x61, 0x61, 0x61, 0x61, 0x61, 0x61, 0x61, 0x61, 0x61, 0x61, 0x61, 0x61, 0x61, 0x61, 0x61, 0x61, 0x61, 0x61, 0x61, 0x61, 0x61, 0x61, 0x61,
        0x61, 0x61, 0x61, 0x61, 0x61, 0x61, 0x61, 0x61, 0x61, 0x61, 0x61, 0x61, 0x61, 0x61, 0x61, 0x61, 0x61, 0x61, 0x61, 0x61, 0x61, 0x61, 0x61,
        0x61, 0x61, 0x61, 0x61, 0x61, 0x61, 0x61, 0x61, 0x61, 0x61, 0x61, 0x61, 0x61, 0x61, 0x61, 0x61, 0x61, 0x61, 0x61, 0x61, 0x61, 0x61, 0x61,
        0x61, 0x61, 0x61, 0x61, 0x61, 0x61, 0x61, 0x61, 0x61, 0x61, 0x61, 0x61, 0x61, 0x61, 0x61, 0x61, 0x61, 0x61, 0x61, 0x61, 0x61, 0x61, 0x61,
        0x61, 0x61, 0x61, 0x61, 0x61, 0x61, 0x61, 0x61, 0x61, 0x61, 0x61, 0x61, 0x61, 0x61, 0x61, 0x61, 0x61, 0x61, 0x61, 0x61, 0x61, 0x61, 0x61,
        0x61, 0x61, 0x61, 0x61, 0x61, 0x61, 0x61, 0x61, 0x61, 0x61, 0x61, 0x61, 0x61, 0x61, 0x61, 0x61, 0x61, 0x61, 0x61, 0x61, 0x61, 0x61, 0x61,
        0x61, 0x61, 0x61, 0x61, 0x61, 0x61, 0x61, 0x61, 0x61, 0x61, 0x61, 0x61, 0x61, 0x61, 0x61, 0x61, 0x61, 0x61, 0x61, 0x61, 0x61, 0x61, 0x61,
        0x61, 0x61, 0x61, 0x61, 0x61, 0x61, 0x61, 0x61, 0x61, 0x61, 0x61, 0x61, 0x61, 0x61, 0x61, 0x61, 0x61, 0x61, 0x61, 0x61, 0x61, 0x61, 0x61,
        0x61, 0x61, 0x61, 0x61, 0x61, 0x61, 0x61, 0x61, 0x61, 0x61, 0x61, 0x61, 0x61, 0x61, 0x61, 0x61, 0x61, 0x61, 0x61, 0x61, 0x61, 0x61, 0x61,
        0x61, 0x61, 0x61, 0x61, 0x61, 0x61, 0x61, 0x61, 0x61, 0x61, 0x61, 0x61, 0x61, 0x61, 0x61, 0x61, 0x61, 0x61, 0x61, 0x61, 0x61, 0x61, 0x61,
        0x61, 0x61, 0x61, 0x61, 0x61, 0x61, 0x61, 0x61, 0x61, 0x61, 0x61, 0x61, 0x61, 0x61, 0x61, 0x61, 0x61, 0x61, 0x61, 0x61, 0x61, 0x61, 0x61,
        0x61, 0x61, 0x61, 0x61, 0x61, 0x61, 0x61, 0x61, 0x61, 0x61, 0x61, 0x61, 0x61, 0x61, 0x61, 0x61, 0x61, 0x61, 0x61, 0x61, 0x61, 0x61, 0x61,
        0x61, 0x61, 0x61, 0x61, 0x61, 0x61, 0x61, 0x61, 0x61, 0x61, 0x61, 0x61, 0x61, 0x61, 0x61, 0x61, 0x61, 0x61, 0x61, 0x61, 0x61, 0x61, 0x61,
        0x61, 0x61, 0x61, 0x61, 0x61, 0x15, 0x72, 0x6F, 0x70, 0x6D, 0x6E, 0x6B, 0x6C, 0x69, 0x6A, 0x67, 0x68
    };

    // 16'640 bytes
    inline constexpr std::array<std::uint16_t, 8320> stage2{
        0x0F5A, 0x0464, 0x0F5B, 0x0F5C, 0x0000, 0x0F5D, 0x0F5E, 0x0F5F, 0x0F60, 0x0F61, 0x0F62, 0x0F63, 0x0F64, 0x0F65, 0x0F66, 0x0F67, 0x0F33,
        0x0470, 0x0458, 0x0481, 0x0472, 0x0473, 0x0F34, 0x045F, 0x0462, 0x0F35, 0x0F36, 0x0463, 0x0474, 0x0465, 0x0F37, 0x0467, 0x0468, 0x0469,
        0x0F38, 0x0F39, 0x0F3A, 0x0F3B, 0x0F3C, 0x0F3D, 0x0F3E, 0x046D, 0x0F56, 0x0F57, 0x0F58, 0x0482, 0x0471, 0x0F59, 0x045E, 0x0460, 0x047A,
        0x0483, 0x0F5A, 0x0464, 0x0F5B, 0x0F5C, 0x0475, 0x0F5D, 0x0F5E, 0x0F5F, 0x0F60, 0x0F61, 0x0F62, 0x0F63, 0x0F64, 0x0F65, 0x0F66, 0x0F67,
        0x0F33, 0x0470, 0x0458, 0x0481, 0x0472, 0x0473, 0x0F34, 0x045F, 0x0462, 0x0F35, 0x0F36, 0x0463, 0x0474, 0x0465, 0x0F37, 0x0467, 0x0468,
        0x0469, 0x0F38, 0x0F39, 0x0F3A, 0x0F3B, 0x0F3C, 0x0F3D, 0x0F3E, 0x046D, 0x0F3F, 0x0F40, 0x0F41, 0x0F42, 0x0F43, 0x0F44, 0x0F45, 0x0F46,
        0x0F47, 0x0F48, 0x0000, 0x0000, 0x0000, 0x0000, 0x0000, 0x0000, 0x0000, 0x0000, 0x0000, 0x0000, 0x0000, 0x0000, 0x0000, 0x0000, 0x0000,
        0x0000, 0x0000, 0x0000, 0x0000, 0x0000, 0x0000, 0x0000, 0x01C9, 0x0000, 0x0000, 0x0000, 0x0000, 0x0000, 0x0000, 0x0000, 0x0000, 0x0000,
        0x0000, 0x0000, 0x0000, 0x0000, 0x0000, 0x0000, 0x0000, 0x0000, 0x0000, 0x0000, 0x0000, 0x0000, 0x0000, 0x0000, 0x0000, 0x0000, 0x0000,
        0x0000, 0x0000, 0x01ED, 0x01EE, 0x01EF, 0x0000, 0x01F0, 0x01F1, 0x01F2, 0x01F3, 0x01F4, 0x01F5, 0x01F6, 0x01F7, 0x01F8, 0x01F9, 0x01FA,
        0x0000, 0x01FB, 0x01FC, 0x01FD, 0x01FE, 0x0155, 0x0156, 0x0157, 0x0000, 0x0158, 0x0159, 0x0000, 0x0000, 0x0000, 0x015A, 0x0000, 0x0000,
        0x0000, 0x0000, 0x0000, 0x0000, 0x015B, 0x015C, 0x0000, 0x015D, 0x0000, 0x0000, 0x0000, 0x015E, 0x0000, 0x0000, 0x0000, 0x0000, 0x015F,
        0x0160, 0x0161, 0x0000, 0x0000, 0x0000, 0x0000, 0x0000, 0x0000, 0x0000, 0x0000, 0x0000, 0x0000, 0x0162, 0x0000, 0x0000, 0x0000, 0x0000,
        0x0000, 0x0000, 0x0653, 0x0000, 0x0593, 0x0654, 0x0655, 0x0000, 0x0000, 0x0000, 0x0000, 0x0000, 0x0000, 0x0000, 0x0000, 0x0000, 0x0000,
        0x0000, 0x0000, 0x0000, 0x0000, 0x0000, 0x0000, 0x0000, 0x0656, 0x0000, 0x0657, 0x0000, 0x0658, 0x0000, 0x0659, 0x0000, 0x065A, 0x0000,
        0x065B, 0x0000, 0x065C, 0x0000, 0x065D, 0x0000, 0x065E, 0x0000, 0x065F, 0x0000, 0x0D0E, 0x0D0F, 0x0D10, 0x0D11, 0x0D12, 0x0D13, 0x0D14,
        0x0D15, 0x0D16, 0x0D17, 0x0D18, 0x0D19, 0x0D1A, 0x0D1B, 0x0D1C, 0x0D1D, 0x0D1E, 0x0D1F, 0x0D20, 0x0D21, 0x0D22, 0x0D23, 0x0D24, 0x0D25,
        0x0000, 0x0000, 0x0000, 0x0000, 0x0000, 0x0000, 0x0000, 0x0000, 0x0000, 0x0000, 0x0000, 0x0000, 0x0000, 0x0000, 0x0000, 0x0000, 0x0000,
        0x0000, 0x0000, 0x0000, 0x0000, 0x0000, 0x0000, 0x0000, 0x0573, 0x0574, 0x0575, 0x0000, 0x0000, 0x0000, 0x0000, 0x0000, 0x0000, 0x0000,
        0x0000, 0x0000, 0x0000, 0x0000, 0x0000, 0x0000, 0x0000, 0x0000, 0x0000, 0x0000, 0x0000, 0x0000, 0x0000, 0x0000, 0x0000, 0x0000, 0x0000,
        0x0000, 0x04BB, 0x0000, 0x0000, 0x0000, 0x0000, 0x04BC, 0x0000, 0x0000, 0x04BD, 0x0000, 0x0000, 0x0000, 0x0000, 0x0000, 0x0000, 0x0000,
        0x0000, 0x0000, 0x0000, 0x0000, 0x0000, 0x0000, 0x0000, 0x0000, 0x0000, 0x0000, 0x0000, 0x0000, 0x0149, 0x014A, 0x014B, 0x014C, 0x014D,
        0x0000, 0x014E, 0x014F, 0x0150, 0x0151, 0x0152, 0x0153, 0x0154, 0x0000, 0x0000, 0x0000, 0x0000, 0x0000, 0x0000, 0x0000, 0x0000, 0x0000,
        0x0000, 0x0000, 0x0000, 0x0000, 0x0000, 0x0000, 0x0000, 0x0000, 0x0000, 0x0000, 0x0000, 0x0000, 0x0000, 0x0000, 0x0000, 0x0000, 0x01BB,
        0x0000, 0x0000, 0x0000, 0x0000, 0x0000, 0x0000, 0x0000, 0x0000, 0x0000, 0x0000, 0x0000, 0x0000, 0x0000, 0x0000, 0x0000, 0x0000, 0x0000,
        0x0000, 0x0000, 0x0000, 0x0000, 0x0000, 0x0000, 0x0F25, 0x0F26, 0x0000, 0x0000, 0x0000, 0x0000, 0x0000, 0x0000, 0x0000, 0x0000, 0x0000,
        0x0000, 0x0000, 0x0000, 0x0000, 0x0000, 0x0000, 0x0000, 0x0000, 0x0000, 0x0000, 0x0000, 0x0000, 0x0000, 0x0000, 0x0000, 0x0000, 0x0000,
        0x0000, 0x0000, 0x0000, 0x0000, 0x0000, 0x0000, 0x0000, 0x0000, 0x0000, 0x0000, 0x0000, 0x0000, 0x0000, 0x0000, 0x0F27, 0x0000, 0x0000,
        0x0000, 0x0000, 0x0000, 0x0000, 0x0000, 0x0427, 0x0428, 0x0429, 0x0000, 0x0000, 0x0000, 0x0000, 0x0000, 0x0000, 0x0000, 0x0000, 0x0000,
        0x0000, 0x0000, 0x0000, 0x0000, 0x042A, 0x0000, 0x0000, 0x0000, 0x0000, 0x0000, 0x0000, 0x0000, 0x041B, 0x0000, 0x0000, 0x0000, 0x0000,
        0x0000, 0x0000, 0x0000, 0x0000, 0x0000, 0x0000, 0x0000, 0x0000, 0x0000, 0x0000, 0x0000, 0x0000, 0x107E, 0x107F, 0x1080, 0x1081, 0x1082,
        0x0A22, 0x1083, 0x1084, 0x1085, 0x1086, 0x0A23, 0x1087, 0x1088, 0x1089, 0x0A24, 0x108A, 0x108B, 0x108C, 0x108D, 0x108E, 0x108F, 0x1090,
        0x1091, 0x1092, 0x1093, 0x1094, 0x1095, 0x0A5E, 0x1096, 0x1097, 0x1098, 0x1099, 0x0FCB, 0x0FCC, 0x0FCD, 0x0FCE, 0x0FCF, 0x0FD0, 0x0FD1,
        0x0FD2, 0x0FD3, 0x0FD4, 0x0FD5, 0x0FD6, 0x0FD7, 0x0FD8, 0x0000, 0x0000, 0x0000, 0x0000, 0x0000, 0x0000, 0x0000, 0x0000, 0x0000, 0x0000,
        0x0000, 0x0000, 0x0000, 0x0000, 0x0000, 0x0000, 0x0000, 0x0000, 0x0000, 0x0000, 0x0000, 0x0000, 0x0000, 0x0000, 0x0000, 0x0000, 0x0000,
        0x0000, 0x0000, 0x0000, 0x0000, 0x0000, 0x0000, 0x0000, 0x1043, 0x0000, 0x0000, 0x0000, 0x0000, 0x0000, 0x0000, 0x0000, 0x0000, 0x0000,
        0x0000, 0x0000, 0x0000, 0x0000, 0x0000, 0x0000, 0x01CA, 0x01CB, 0x0000, 0x0000, 0x0000, 0x0000, 0x0000, 0x0000, 0x0000, 0x0000, 0x0000,
        0x0000, 0x0000, 0x0000, 0x0000, 0x0000, 0x0000, 0x0000, 0x0000, 0x0000, 0x0000, 0x0000, 0x0000, 0x0000, 0x0000, 0x0000, 0x0000, 0x0000,
        0x0000, 0x0000, 0x0000, 0x0000, 0x0000, 0x0000, 0x0000, 0x0000, 0x0190, 0x0191, 0x0192, 0x0193, 0x0194, 0x0000, 0x0000, 0x0000, 0x0000,
        0x0000, 0x0000, 0x0000, 0x0000, 0x0000, 0x01B2, 0x0000, 0x0000, 0x01B3, 0x01B4, 0x0000, 0x0000, 0x0000, 0x0000, 0x0000, 0x0000, 0x0000,
        0x0000, 0x0000, 0x0000, 0x0000, 0x0000, 0x0000, 0x0000, 0x0000, 0x01B5, 0x01B6, 0x0000, 0x0000, 0x0000, 0x0000, 0x0000, 0x0000, 0x0000,
        0x0000, 0x0000, 0x0000, 0x0000, 0x0000, 0x0000, 0x0000, 0x0000, 0x0000, 0x0000, 0x0000, 0x016D, 0x016E, 0x0000, 0x0000, 0x0000, 0x0000,
        0x0000, 0x0000, 0x0000, 0x0000, 0x0000, 0x0000, 0x0000, 0x0000, 0x0000, 0x016F, 0x0170, 0x0171, 0x0172, 0x0000, 0x0000, 0x0173, 0x0174,
        0x0000, 0x0000, 0x0175, 0x0176, 0x0177, 0x0178, 0x0179, 0x017A, 0x0101, 0x0102, 0x0103, 0x0104, 0x0105, 0x0106, 0x0107, 0x0108, 0x0109,
        0x010A, 0x010B, 0x010C, 0x0000, 0x0000, 0x010D, 0x010E, 0x0000, 0x0000, 0x0000, 0x0000, 0x0000, 0x0000, 0x010F, 0x0110, 0x0111, 0x0112,
        0x0113, 0x0114, 0x0115, 0x0116, 0x0117, 0x0118, 0x0119, 0x011A, 0x011B, 0x011C, 0x0000, 0x0000, 0x0000, 0x0000, 0x0000, 0x0000, 0x0000,
        0x0000, 0x0000, 0x0000, 0x0000, 0x0000, 0x01CC, 0x0000, 0x0000, 0x0000, 0x0000, 0x0000, 0x0000, 0x0000, 0x0000, 0x0000, 0x0000, 0x0000,
        0x0000, 0x0000, 0x0000, 0x0000, 0x0000, 0x0000, 0x0000, 0x0000, 0x0000, 0x0000, 0x0000, 0x0000, 0x0000, 0x0000, 0x0000, 0x0000, 0x0000,
        0x0000, 0x0000, 0x0000, 0x0000, 0x0000, 0x0000, 0x0000, 0x01C8, 0x0000, 0x0000, 0x0000, 0x0000, 0x0000, 0x0000, 0x0000, 0x0000, 0x0000,
        0x0000, 0x0000, 0x0000, 0x0455, 0x0000, 0x0000, 0x0000, 0x0000, 0x0000, 0x0000, 0x0000, 0x0000, 0x0000, 0x0000, 0x0000, 0x0000, 0x0000,
        0x0000, 0x0000, 0x0000, 0x0000, 0x0000, 0x0000, 0x0000, 0x0000, 0x0000, 0x0000, 0x0000, 0x0000, 0x0000, 0x0000, 0x0000, 0x0000, 0x0000,
        0x0000, 0x0000, 0x0000, 0x0000, 0x0000, 0x0000, 0x0000, 0x0000, 0x0000, 0x0000, 0x0000, 0x0000, 0x01C1, 0x01C2, 0x01C3, 0x0000, 0x0000,
        0x0000, 0x0164, 0x0165, 0x0000, 0x0166, 0x0000, 0x0000, 0x0000, 0x0167, 0x0000, 0x0000, 0x0000, 0x0000, 0x0168, 0x0169, 0x016A, 0x0000,
        0x0000, 0x0000, 0x0000, 0x0000, 0x0000, 0x0000, 0x0000, 0x0000, 0x0000, 0x0000, 0x0000, 0x0000, 0x0000, 0x0000, 0x0000, 0x0000, 0x0000,
        0x0000, 0x0000, 0x0000, 0x0000, 0x0000, 0x016B, 0x016C, 0x0000, 0x0000, 0x0000, 0x0000, 0x0000, 0x0000, 0x0000, 0x0000, 0x0227, 0x0000,
        0x0000, 0x0000, 0x0000, 0x0000, 0x0000, 0x0000, 0x0000, 0x0000, 0x0000, 0x0000, 0x0000, 0x0000, 0x0000, 0x0000, 0x0000, 0x0000, 0x0000,
        0x0000, 0x0000, 0x0000, 0x0000, 0x0000, 0x0000, 0x0000, 0x0000, 0x0000, 0x0000, 0x0000, 0x0000, 0x0000, 0x0000, 0x0000, 0x0000, 0x0228,
        0x0229, 0x022A, 0x022B, 0x020A, 0x0141, 0x0000, 0x0000, 0x0000, 0x0000, 0x0000, 0x0000, 0x0000, 0x0000, 0x0000, 0x0000, 0x0000, 0x0000,
        0x0000, 0x0000, 0x0000, 0x0000, 0x0000, 0x0000, 0x0000, 0x0000, 0x0000, 0x0000, 0x0000, 0x0000, 0x0000, 0x0142, 0x0143, 0x0144, 0x0145,
        0x0146, 0x0147, 0x0148, 0x0000, 0x0000, 0x0000, 0x0000, 0x0000, 0x0000, 0x0000, 0x0000, 0x0000, 0x0000, 0x0000, 0x0000, 0x0000, 0x0000,
        0x0000, 0x0579, 0x0000, 0x0000, 0x0000, 0x0000, 0x0000, 0x0000, 0x0000, 0x0000, 0x0000, 0x0000, 0x0000, 0x0000, 0x0000, 0x0000, 0x0000,
        0x0000, 0x0000, 0x0000, 0x0000, 0x0000, 0x0000, 0x0000, 0x0000, 0x0000, 0x0000, 0x0000, 0x0000, 0x0000, 0x0000, 0x0000, 0x0000, 0x0000,
        0x0AAD, 0x0AAE, 0x0AAF, 0x0AB0, 0x0AB1, 0x0AB2, 0x0AB2, 0x0000, 0x0000, 0x0000, 0x0000, 0x0000, 0x0000, 0x0000, 0x0000, 0x0000, 0x0EDA,
        0x0000, 0x0000, 0x0000, 0x0000, 0x0000, 0x0000, 0x0000, 0x0000, 0x0000, 0x0000, 0x0000, 0x0000, 0x0000, 0x0000, 0x0000, 0x0000, 0x0000,
        0x0000, 0x0000, 0x0000, 0x0000, 0x0000, 0x0000, 0x0000, 0x0000, 0x0000, 0x0EDB, 0x0000, 0x0000, 0x0000, 0x0000, 0x0000, 0x0000, 0x0000,
        0x0000, 0x0000, 0x0000, 0x0000, 0x0F16, 0x0000, 0x0000, 0x0000, 0x0000, 0x0000, 0x0000, 0x0000, 0x0000, 0x0000, 0x0000, 0x0000, 0x0000,
        0x0000, 0x0000, 0x0000, 0x0000, 0x0000, 0x0000, 0x0000, 0x0000, 0x0000, 0x0000, 0x0000, 0x0000, 0x0000, 0x0000, 0x0000, 0x0000, 0x0000,
        0x0000, 0x0000, 0x0000, 0x0000, 0x0000, 0x0000, 0x0000, 0x0000, 0x0F1F, 0x0000, 0x0F20, 0x0F21, 0x0000, 0x0000, 0x0000, 0x0000, 0x0000,
        0x0000, 0x0000, 0x0C92, 0x0C93, 0x0C94, 0x0C95, 0x0C96, 0x0C97, 0x0C98, 0x0C99, 0x0C9A, 0x0C9B, 0x0C9C, 0x0C9D, 0x0C9E, 0x0C9F, 0x0CA0,
        0x0CA1, 0x0CA2, 0x0CA3, 0x0CA4, 0x0CA5, 0x0CA6, 0x0CA7, 0x0CA8, 0x0CA9, 0x0CAA, 0x0CAB, 0x0CAC, 0x0CAD, 0x0CAE, 0x0CAF, 0x0000, 0x0000,
        0x0000, 0x0000, 0x0000, 0x0000, 0x0000, 0x0000, 0x0000, 0x0000, 0x0000, 0x0000, 0x0000, 0x0000, 0x0000, 0x0000, 0x0000, 0x0000, 0x011D,
        0x011E, 0x011F, 0x0120, 0x0121, 0x0122, 0x0123, 0x0124, 0x0125, 0x0000, 0x0000, 0x0000, 0x0000, 0x0000, 0x0000, 0x0000, 0x0000, 0x0000,
        0x0000, 0x0000, 0x0000, 0x0000, 0x0000, 0x0000, 0x0000, 0x0000, 0x0000, 0x0000, 0x0000, 0x0000, 0x0000, 0x0000, 0x018F, 0x0000, 0x0000,
        0x0000, 0x0000, 0x0000, 0x0000, 0x0000, 0x0000, 0x0000, 0x0000, 0x0000, 0x0000, 0x0000, 0x0000, 0x0000, 0x0000, 0x0000, 0x0000, 0x0000,
        0x0000, 0x0000, 0x0000, 0x0000, 0x0000, 0x01D2, 0x0000, 0x0000, 0x0000, 0x0000, 0x0000, 0x0000, 0x0000, 0x0000, 0x0000, 0x01D3, 0x0000,
        0x01D4, 0x01D5, 0x01D6, 0x01D7, 0x01D8, 0x0000, 0x0000, 0x0000, 0x0000, 0x0000, 0x0000, 0x0000, 0x01D9, 0x0000, 0x0000, 0x0000, 0x0000,
        0x0000, 0x0000, 0x0000, 0x0000, 0x0000, 0x0000, 0x0000, 0x0000, 0x0000, 0x0000, 0x04B8, 0x04B9, 0x04BA, 0x0000, 0x0000, 0x0000, 0x0000,
        0x0000, 0x0000, 0x0000, 0x0000, 0x0000, 0x0000, 0x0000, 0x0000, 0x0000, 0x0000, 0x0000, 0x0000, 0x0000, 0x0000, 0x0000, 0x0000, 0x0000,
        0x0000, 0x0000, 0x0000, 0x0000, 0x0000, 0x0000, 0x0000, 0x0000, 0x0000, 0x0000, 0x0000, 0x00B6, 0x00B7, 0x0000, 0x0000, 0x0000, 0x0000,
        0x0000, 0x0000, 0x0000, 0x0000, 0x0000, 0x0000, 0x0000, 0x0000, 0x0000, 0x00B8, 0x06E3, 0x06E4, 0x06E5, 0x06E6, 0x06E7, 0x06E8, 0x06E9,
        0x06EA, 0x06EB, 0x06EC, 0x06ED, 0x06EE, 0x06EF, 0x06F0, 0x06F1, 0x0000, 0x0000, 0x0000, 0x06F2, 0x06F3, 0x06F4, 0x06F5, 0x06F6, 0x06F7,
        0x06F8, 0x06F9, 0x06FA, 0x06FB, 0x06FC, 0x06FD, 0x06FE, 0x06FF, 0x0000, 0x0000, 0x0000, 0x0000, 0x0000, 0x0000, 0x0000, 0x0000, 0x0000,
        0x0000, 0x0000, 0x0000, 0x0000, 0x0000, 0x0000, 0x0000, 0x0131, 0x0132, 0x0000, 0x0133, 0x0134, 0x0000, 0x0000, 0x0000, 0x0000, 0x0000,
        0x0000, 0x0000, 0x0000, 0x0000, 0x0000, 0x0000, 0x0000, 0x0000, 0x0000, 0x0000, 0x0000, 0x0000, 0x0000, 0x0000, 0x0000, 0x0000, 0x0000,
        0x0000, 0x0000, 0x0000, 0x0000, 0x0000, 0x04E5, 0x04E6, 0x0000, 0x0000, 0x0000, 0x0000, 0x0000, 0x0000, 0x0000, 0x0000, 0x0000, 0x0000,
        0x0000, 0x0000, 0x0000, 0x0000, 0x0000, 0x0000, 0x0000, 0x0000, 0x0000, 0x0000, 0x0000, 0x01AE, 0x01AF, 0x01B0, 0x0000, 0x0000, 0x01B1,
        0x0000, 0x0000, 0x0000, 0x0000, 0x0000, 0x0000, 0x0000, 0x0000, 0x0000, 0x0000, 0x0000, 0x0000, 0x0000, 0x0000, 0x0000, 0x0000, 0x0000,
        0x0000, 0x0000, 0x0000, 0x0000, 0x0000, 0x0000, 0x0000, 0x0000, 0x0000, 0x0000, 0x0000, 0x0000, 0x0000, 0x0000, 0x0000, 0x0000, 0x08F9,
        0x08FA, 0x08FB, 0x08FC, 0x0000, 0x0000, 0x0000, 0x08FD, 0x08FE, 0x0000, 0x0000, 0x0000, 0x0000, 0x0000, 0x0000, 0x067E, 0x0000, 0x067F,
        0x0000, 0x0000, 0x0680, 0x0000, 0x0681, 0x0000, 0x0682, 0x0000, 0x0000, 0x0000, 0x0000, 0x0000, 0x0000, 0x0683, 0x0684, 0x0000, 0x0685,
        0x0686, 0x0000, 0x0687, 0x0688, 0x0000, 0x0689, 0x068A, 0x0000, 0x068B, 0x068C, 0x0000, 0x0000, 0x0000, 0x0000, 0x0000, 0x0000, 0x0000,
        0x0000, 0x0000, 0x0000, 0x0000, 0x0000, 0x0000, 0x0000, 0x0000, 0x0000, 0x0000, 0x0000, 0x0F28, 0x0F29, 0x0F2A, 0x0F2B, 0x0F2C, 0x0F2D,
        0x0F2E, 0x0F2F, 0x0000, 0x0000, 0x0000, 0x0000, 0x0000, 0x0000, 0x0000, 0x0000, 0x0000, 0x0000, 0x0000, 0x0000, 0x0000, 0x0000, 0x0000,
        0x0000, 0x0000, 0x0000, 0x0000, 0x0000, 0x0000, 0x0000, 0x0000, 0x0F1B, 0x0000, 0x0F1C, 0x0000, 0x0000, 0x0000, 0x0000, 0x0000, 0x0000,
        0x0000, 0x0000, 0x0F1D, 0x0000, 0x0000, 0x0F1E, 0x0000, 0x0000, 0x0000, 0x0000, 0x0000, 0x0000, 0x0000, 0x0000, 0x0000, 0x0000, 0x0000,
        0x0000, 0x0000, 0x0000, 0x0903, 0x0000, 0x0000, 0x0000, 0x0000, 0x0000, 0x0000, 0x0000, 0x0000, 0x0000, 0x0000, 0x0000, 0x0000, 0x0000,
        0x0000, 0x0000, 0x0000, 0x0000, 0x0000, 0x0000, 0x0000, 0x0000, 0x0000, 0x0000, 0x0000, 0x0000, 0x0000, 0x0000, 0x0000, 0x0000, 0x0000,
        0x0000, 0x0000, 0x0000, 0x0000, 0x0000, 0x0000, 0x0000, 0x0000, 0x0000, 0x0000, 0x0000, 0x0000, 0x01C4, 0x0000, 0x01C5, 0x01C6, 0x01C7,
        0x0000, 0x0F95, 0x0F96, 0x0F97, 0x0F98, 0x0F84, 0x0F87, 0x0F89, 0x0F94, 0x0F8F, 0x047C, 0x0F99, 0x0F9A, 0x0000, 0x0000, 0x0F3F, 0x0F40,
        0x0F41, 0x0F42, 0x0F43, 0x0F44, 0x0F45, 0x0F46, 0x0F47, 0x0F48, 0x0F3F, 0x0F40, 0x0F41, 0x0F42, 0x0F43, 0x0F44, 0x0F45, 0x0F46, 0x0F47,
        0x0F48, 0x0F3F, 0x0F40, 0x0F41, 0x0F42, 0x0F43, 0x0F44, 0x0F45, 0x0F46, 0x0F47, 0x0F48, 0x0F3F, 0x0F40, 0x0F41, 0x0F42, 0x0F43, 0x0F44,
        0x0F45, 0x0F46, 0x0F47, 0x0F48, 0x0000, 0x0000, 0x0000, 0x0000, 0x0000, 0x0000, 0x0000, 0x0000, 0x0000, 0x0000, 0x0000, 0x0000, 0x0000,
        0x0000, 0x0000, 0x0000, 0x0000, 0x0000, 0x0000, 0x0000, 0x0000, 0x0000, 0x0000, 0x0000, 0x0000, 0x0000, 0x0000, 0x0000, 0x0000, 0x0000,
        0x0000, 0x0000, 0x0000, 0x0000, 0x0000, 0x0000, 0x0000, 0x0000, 0x0000, 0x0000, 0x0000, 0x0000, 0x0F14, 0x0000, 0x0F15, 0x0000, 0x0000,
        0x0000, 0x01BC, 0x0000, 0x0000, 0x0000, 0x0000, 0x0000, 0x0000, 0x01BD, 0x01BE, 0x0000, 0x01BF, 0x01C0, 0x0000, 0x0000, 0x0000, 0x0000,
        0x0000, 0x0000, 0x0000, 0x0000, 0x0000, 0x0000, 0x0000, 0x0000, 0x0000, 0x0000, 0x0000, 0x0000, 0x0000, 0x0000, 0x0000, 0x0000, 0x0000,
        0x0000, 0x0000, 0x0000, 0x0000, 0x0000, 0x0000, 0x0000, 0x0000, 0x0000, 0x0000, 0x0000, 0x0000, 0x0000, 0x0000, 0x0000, 0x01B7, 0x0000,
        0x0000, 0x0000, 0x0000, 0x0000, 0x0000, 0x0000, 0x0000, 0x0000, 0x0000, 0x0000, 0x0F19, 0x0F1A, 0x0000, 0x0000, 0x0000, 0x0000, 0x0000,
        0x0000, 0x0000, 0x0000, 0x0000, 0x0000, 0x0000, 0x0000, 0x0000, 0x0000, 0x0000, 0x0000, 0x0000, 0x0000, 0x0000, 0x0000, 0x0000, 0x0000,
        0x0000, 0x0000, 0x0000, 0x0000, 0x0000, 0x0000, 0x0000, 0x0000, 0x0000, 0x0000, 0x0000, 0x0000, 0x0000, 0x0000, 0x0000, 0x0000, 0x0F33,
        0x0470, 0x0458, 0x0481, 0x0472, 0x0473, 0x0F34, 0x045F, 0x0462, 0x0F35, 0x0199, 0x0000, 0x019A, 0x0000, 0x0000, 0x0000, 0x0000, 0x0000,
        0x0000, 0x0000, 0x0000, 0x0000, 0x0000, 0x0000, 0x0000, 0x0000, 0x0000, 0x0000, 0x0000, 0x019B, 0x0000, 0x0000, 0x0000, 0x0000, 0x0000,
        0x0000, 0x0000, 0x0000, 0x0000, 0x0000, 0x0000, 0x0000, 0x0000, 0x0000, 0x0000, 0x0000, 0x0000, 0x0000, 0x0000, 0x0000, 0x0000, 0x0000,
        0x0000, 0x0000, 0x0000, 0x0000, 0x0000, 0x0000, 0x01E1, 0x0000, 0x0000, 0x0000, 0x0000, 0x0000, 0x0000, 0x0000, 0x0000, 0x0000, 0x0000,
        0x0000, 0x0000, 0x0000, 0x0000, 0x0000, 0x0000, 0x0000, 0x0000, 0x0000, 0x0577, 0x0578, 0x0000, 0x0000, 0x0000, 0x0000, 0x0000, 0x0000,
        0x0000, 0x0000, 0x0000, 0x0000, 0x0000, 0x0000, 0x0000, 0x0000, 0x0000, 0x0000, 0x0000, 0x0000, 0x0000, 0x0000, 0x0000, 0x0000, 0x0000,
        0x0000, 0x0000, 0x0000, 0x0000, 0x0000, 0x0000, 0x0000, 0x0000, 0x0000, 0x0000, 0x0000, 0x0700, 0x0701, 0x0702, 0x0703, 0x0704, 0x0705,
        0x0706, 0x0707, 0x0708, 0x0709, 0x070A, 0x070B, 0x070C, 0x070D, 0x070E, 0x070F, 0x1067, 0x1068, 0x1069, 0x106A, 0x106B, 0x106C, 0x106D,
        0x106E, 0x106F, 0x1070, 0x1071, 0x1072, 0x0000, 0x0000, 0x0000, 0x0000, 0x1073, 0x1074, 0x1075, 0x1076, 0x1077, 0x1078, 0x1079, 0x107A,
        0x107B, 0x0000, 0x0000, 0x0000, 0x0000, 0x0000, 0x0000, 0x0000, 0x107C, 0x107D, 0x0000, 0x0000, 0x0000, 0x0000, 0x0000, 0x0000, 0x0000,
        0x0000, 0x0000, 0x0000, 0x0000, 0x0000, 0x0000, 0x0000, 0x0572, 0x0000, 0x0000, 0x0000, 0x0000, 0x0000, 0x0000, 0x0000, 0x0000, 0x0000,
        0x0000, 0x0000, 0x0000, 0x0000, 0x0000, 0x0000, 0x0000, 0x0000, 0x0000, 0x0000, 0x0000, 0x0000, 0x0000, 0x0000, 0x0000, 0x0000, 0x0000,
        0x0000, 0x0000, 0x0000, 0x0000, 0x0000, 0x0000, 0x0000, 0x0000, 0x0000, 0x0000, 0x0000, 0x0000, 0x0000, 0x0000, 0x0F30, 0x0F31, 0x0F32,
        0x0000, 0x0000, 0x0000, 0x0000, 0x0000, 0x0B35, 0x0B36, 0x0B37, 0x0B38, 0x0B39, 0x0B3A, 0x0B3B, 0x0B3C, 0x0B3D, 0x0B3E, 0x0B3F, 0x0B40,
        0x0B41, 0x0B42, 0x0B43, 0x0B44, 0x0B45, 0x0B46, 0x0000, 0x0000, 0x0000, 0x0000, 0x0000, 0x0000, 0x0000, 0x0000, 0x0000, 0x0000, 0x0000,
        0x0000, 0x0000, 0x0000, 0x0000, 0x0000, 0x0000, 0x0000, 0x0000, 0x0000, 0x0000, 0x0000, 0x0000, 0x0000, 0x0000, 0x0000, 0x0000, 0x0000,
        0x0000, 0x0000, 0x0000, 0x057A, 0x0000, 0x0000, 0x0000, 0x0000, 0x0000, 0x0000, 0x0000, 0x0000, 0x0000, 0x0000, 0x0000, 0x0000, 0x0000,
        0x0000, 0x0000, 0x0000, 0x0D26, 0x0D27, 0x0D28, 0x0D29, 0x0D2A, 0x0D2B, 0x0D2C, 0x0D2D, 0x0D2E, 0x0D2F, 0x0D30, 0x0D31, 0x0D32, 0x0000,
        0x0000, 0x0000, 0x0000, 0x0000, 0x0000, 0x0000, 0x0000, 0x0000, 0x0000, 0x0000, 0x0000, 0x0000, 0x0000, 0x0000, 0x0000, 0x0000, 0x0000,
        0x0000, 0x01CD, 0x0000, 0x0000, 0x0000, 0x0000, 0x0000, 0x0000, 0x0000, 0x0000, 0x0000, 0x01CE, 0x0000, 0x0000, 0x0000, 0x0000, 0x01CF,
        0x0000, 0x0000, 0x0000, 0x0000, 0x01D0, 0x0000, 0x0000, 0x0000, 0x0000, 0x01D1, 0x0000, 0x0000, 0x0000, 0x022C, 0x022D, 0x022E, 0x022F,
        0x0230, 0x0231, 0x0232, 0x0233, 0x0234, 0x0235, 0x0236, 0x0237, 0x0238, 0x0239, 0x023A, 0x023B, 0x023C, 0x023D, 0x023E, 0x023F, 0x0240,
        0x0241, 0x0242, 0x0243, 0x0244, 0x0245, 0x0246, 0x0247, 0x0248, 0x0249, 0x024A, 0x024B, 0x0000, 0x0000, 0x0000, 0x0000, 0x0000, 0x0000,
        0x0000, 0x0000, 0x0000, 0x0000, 0x0000, 0x0000, 0x0000, 0x0000, 0x0000, 0x0000, 0x04C8, 0x0000, 0x04C9, 0x0000, 0x0000, 0x0000, 0x0000,
        0x0000, 0x0000, 0x0000, 0x0000, 0x0000, 0x0000, 0x04CA, 0x04CB, 0x04CC, 0x04CD, 0x04CE, 0x0000, 0x0000, 0x04CF, 0x04D0, 0x0000, 0x0000,
        0x04D1, 0x04D2, 0x0000, 0x0000, 0x0000, 0x0000, 0x0000, 0x0000, 0x0660, 0x0000, 0x0661, 0x0000, 0x0000, 0x0662, 0x0000, 0x0663, 0x0000,
        0x0664, 0x0000, 0x0000, 0x0000, 0x0000, 0x0000, 0x0000, 0x0665, 0x0666, 0x0000, 0x0667, 0x0668, 0x0000, 0x0669, 0x066A, 0x0000, 0x066B,
        0x066C, 0x0000, 0x066D, 0x066E, 0x0000, 0x0000, 0x0000, 0x0000, 0x0000, 0x0000, 0x0000, 0x0000, 0x0000, 0x0000, 0x0000, 0x0000, 0x0000,
        0x0000, 0x0000, 0x0000, 0x0000, 0x0000, 0x0EDC, 0x0EDD, 0x0EDE, 0x0EDF, 0x0EE0, 0x0000, 0x0EE1, 0x0EE2, 0x0EE3, 0x0EE4, 0x0EE5, 0x0EE6,
        0x0EE7, 0x0EE8, 0x0EE9, 0x0EEA, 0x0EEB, 0x0EEC, 0x0EED, 0x0EEE, 0x0EEF, 0x0EF0, 0x0EF1, 0x0EF2, 0x0EF3, 0x0EF4, 0x0EF5, 0x0EF6, 0x0EF7,
        0x0EF8, 0x0EF9, 0x0EFA, 0x0EFB, 0x0EFC, 0x0EFD, 0x0EFE, 0x0EFF, 0x0F00, 0x0F01, 0x0F02, 0x0F03, 0x0F04, 0x0F05, 0x0F06, 0x0F07, 0x0F08,
        0x0F09, 0x0F0A, 0x0000, 0x0F0B, 0x0F0C, 0x0F0D, 0x0F0E, 0x0F0F, 0x0F10, 0x0F11, 0x0F12, 0x0F13, 0x0000, 0x0000, 0x0000, 0x0000, 0x0000,
        0x0000, 0x0000, 0x0000, 0x0000, 0x0000, 0x0000, 0x0000, 0x0000, 0x0000, 0x0000, 0x0000, 0x0000, 0x0000, 0x0000, 0x0000, 0x0000, 0x057B,
        0x0000, 0x0000, 0x0000, 0x0000, 0x0000, 0x0000, 0x0000, 0x0000, 0x0000, 0x0000, 0x0000, 0x0000, 0x057C, 0x057D, 0x057E, 0x057F, 0x0580,
        0x0581, 0x0582, 0x0583, 0x0584, 0x0585, 0x0586, 0x0587, 0x0588, 0x0589, 0x058A, 0x058B, 0x08E6, 0x08E7, 0x08E8, 0x08E9, 0x08EA, 0x08EB,
        0x08EC, 0x08ED, 0x08EE, 0x08EF, 0x08F0, 0x08F1, 0x08F2, 0x08F3, 0x08F4, 0x08F5, 0x0000, 0x0000, 0x0000, 0x0000, 0x0000, 0x0000, 0x0000,
        0x0000, 0x0000, 0x0000, 0x0000, 0x0000, 0x0000, 0x0000, 0x0000, 0x0000, 0x0000, 0x0000, 0x0000, 0x0000, 0x0000, 0x0000, 0x0000, 0x0000,
        0x0000, 0x0000, 0x0000, 0x0000, 0x0000, 0x0000, 0x0000, 0x0000, 0x0FF9, 0x0FFA, 0x0FFB, 0x0FFC, 0x0FFD, 0x0FFE, 0x0FFF, 0x1000, 0x1001,
        0x1002, 0x1003, 0x0000, 0x0000, 0x0000, 0x0000, 0x0000, 0x04DD, 0x04DE, 0x04DF, 0x04E0, 0x0000, 0x0000, 0x0000, 0x0000, 0x0000, 0x0000,
        0x04E1, 0x04E2, 0x04E3, 0x04E4, 0x0000, 0x0000, 0x0000, 0x0000, 0x0000, 0x0000, 0x0000, 0x0000, 0x0000, 0x0000, 0x0000, 0x0000, 0x0000,
        0x0000, 0x0000, 0x0000, 0x0000, 0x0000, 0x0000, 0x0000, 0x0000, 0x0000, 0x0000, 0x0000, 0x0000, 0x0000, 0x0000, 0x0000, 0x0000, 0x0000,
        0x0000, 0x0000, 0x0000, 0x0000, 0x0000, 0x0000, 0x0000, 0x0000, 0x0000, 0x0000, 0x0000, 0x0000, 0x0000, 0x0F50, 0x0F51, 0x0F52, 0x0F53,
        0x0F54, 0x0F64, 0x0F65, 0x0F66, 0x0F67, 0x0F68, 0x0F69, 0x0000, 0x0000, 0x0F6A, 0x0F6B, 0x047E, 0x0F6C, 0x0F6D, 0x0F6E, 0x0F6F, 0x0F70,
        0x0F71, 0x0F72, 0x0F73, 0x0F74, 0x0F75, 0x0F76, 0x0F77, 0x047F, 0x0F78, 0x0F70, 0x0F79, 0x0F7A, 0x0F7B, 0x0F7C, 0x0F7D, 0x0F7E, 0x0F7F,
        0x0F80, 0x0F81, 0x0F82, 0x047D, 0x0F83, 0x0F84, 0x0F85, 0x0F86, 0x0F87, 0x0F88, 0x0F89, 0x0F8A, 0x0F8B, 0x0F8C, 0x0F8D, 0x0F8E, 0x047C,
        0x0F8F, 0x0F90, 0x0F91, 0x0F92, 0x0F93, 0x0F94, 0x0F95, 0x0F96, 0x0F97, 0x0F98, 0x0F84, 0x0F87, 0x0F89, 0x0F94, 0x0F8F, 0x047C, 0x0F6A,
        0x0F6B, 0x047E, 0x0F6C, 0x0F6D, 0x0F6E, 0x0F6F, 0x0F70, 0x0F71, 0x0F72, 0x0F73, 0x0F74, 0x0F75, 0x0F76, 0x0F77, 0x047F, 0x0F78, 0x0F70,
        0x0F79, 0x0F7A, 0x0F7B, 0x0F7C, 0x0F7D, 0x0F7E, 0x0F7F, 0x0F80, 0x0F81, 0x0F82, 0x047D, 0x0F83, 0x064C, 0x064D, 0x064E, 0x064F, 0x0650,
        0x0651, 0x0000, 0x0000, 0x0000, 0x0000, 0x0000, 0x0000, 0x0000, 0x0000, 0x0000, 0x0000, 0x0000, 0x0000, 0x0000, 0x0000, 0x0000, 0x0000,
        0x0000, 0x0000, 0x0000, 0x0000, 0x0000, 0x0000, 0x0000, 0x0000, 0x0000, 0x0000, 0x0000, 0x0000, 0x0000, 0x0000, 0x0000, 0x0000, 0x0000,
        0x0000, 0x0000, 0x0000, 0x0000, 0x0000, 0x0000, 0x0000, 0x0000, 0x0000, 0x01B8, 0x01B9, 0x01BA, 0x0000, 0x0000, 0x0000, 0x0F4B, 0x0F4C,
        0x0F4D, 0x0F4E, 0x0F4F, 0x0000, 0x0000, 0x0000, 0x0000, 0x0000, 0x0000, 0x0000, 0x0000, 0x0000, 0x0000, 0x0000, 0x0000, 0x0000, 0x0000,
        0x0000, 0x0000, 0x0000, 0x0000, 0x0000, 0x0000, 0x0000, 0x0000, 0x0000, 0x0000, 0x0000, 0x0000, 0x0000, 0x0000, 0x0000, 0x0000, 0x0000,
        0x0000, 0x0000, 0x0000, 0x0000, 0x0000, 0x0000, 0x0000, 0x0000, 0x0000, 0x0000, 0x0000, 0x0000, 0x0F22, 0x0F23, 0x0000, 0x0F24, 0x0000,
        0x0652, 0x0000, 0x0000, 0x0000, 0x0000, 0x0000, 0x0000, 0x0000, 0x0000, 0x0000, 0x0000, 0x0000, 0x0000, 0x0000, 0x0000, 0x0000, 0x0000,
        0x0000, 0x0000, 0x0000, 0x0000, 0x0000, 0x0000, 0x0000, 0x0000, 0x0000, 0x0000, 0x0000, 0x0000, 0x0000, 0x0000, 0x0000, 0x0000, 0x0000,
        0x0000, 0x0000, 0x0000, 0x0000, 0x0000, 0x0000, 0x0000, 0x0000, 0x0000, 0x0000, 0x0000, 0x0000, 0x0000, 0x0000, 0x0000, 0x08FF, 0x0900,
        0x0901, 0x0902, 0x0F55, 0x0000, 0x0000, 0x0000, 0x0000, 0x0000, 0x0000, 0x0000, 0x0000, 0x0000, 0x0000, 0x0000, 0x0000, 0x0000, 0x0000,
        0x0000, 0x0000, 0x0000, 0x0000, 0x0000, 0x0000, 0x0000, 0x0000, 0x0000, 0x0000, 0x0000, 0x0000, 0x0000, 0x0000, 0x0000, 0x0000, 0x0000,
        0x0000, 0x0000, 0x0000, 0x0000, 0x0000, 0x0000, 0x0000, 0x0000, 0x0000, 0x0000, 0x0000, 0x0000, 0x0000, 0x0000, 0x0000, 0x0000, 0x0F49,
        0x0F4A, 0x08F8, 0x0000, 0x0000, 0x0000, 0x0000, 0x0000, 0x0000, 0x0000, 0x0000, 0x0000, 0x0000, 0x0000, 0x0000, 0x0000, 0x0000, 0x0000,
        0x0000, 0x0000, 0x0000, 0x0000, 0x0000, 0x0000, 0x0000, 0x0000, 0x0000, 0x0000, 0x0000, 0x0000, 0x0000, 0x0000, 0x0000, 0x0000, 0x0000,
        0x0000, 0x0000, 0x0000, 0x0000, 0x0000, 0x0000, 0x0000, 0x0000, 0x0000, 0x0000, 0x0000, 0x0000, 0x0000, 0x0000, 0x0000, 0x0F17, 0x0F18,
        0x0A98, 0x0A99, 0x1213, 0x1214, 0x1215, 0x1216, 0x1217, 0x1218, 0x1219, 0x121A, 0x121B, 0x121C, 0x121D, 0x121E, 0x121F, 0x0A9A, 0x1220,
        0x1221, 0x1222, 0x1223, 0x1224, 0x1225, 0x1226, 0x1227, 0x1228, 0x1229, 0x122A, 0x122B, 0x122C, 0x122D, 0x122E, 0x122F, 0x1230, 0x1231,
        0x1232, 0x1233, 0x1234, 0x1235, 0x1236, 0x1237, 0x1238, 0x1239, 0x123A, 0x123B, 0x123C, 0x123D, 0x0AA0, 0x0AA0, 0x123E, 0x123F, 0x1240,
        0x1241, 0x1242, 0x1243, 0x1244, 0x1245, 0x1246, 0x1247, 0x0AA1, 0x1248, 0x1249, 0x124A, 0x124B, 0x124C, 0x124D, 0x124E, 0x124F, 0x1250,
        0x1251, 0x1252, 0x1253, 0x1254, 0x1255, 0x1256, 0x1257, 0x1258, 0x1259, 0x125A, 0x11B9, 0x11BA, 0x11BB, 0x11BC, 0x11BD, 0x11BE, 0x11BF,
        0x11C0, 0x11C1, 0x11C2, 0x0A4C, 0x11C3, 0x11C4, 0x11C5, 0x11C6, 0x11C7, 0x11C8, 0x11C9, 0x11CA, 0x11CB, 0x11CC, 0x11CD, 0x11CE, 0x11CF,
        0x11D0, 0x11D1, 0x11D2, 0x10FC, 0x11D3, 0x11D4, 0x11D5, 0x11D6, 0x11D7, 0x11D8, 0x11D9, 0x11DA, 0x11DB, 0x11DC, 0x11DD, 0x11DE, 0x0976,
        0x11DF, 0x11E0, 0x11E1, 0x11E2, 0x11E3, 0x11E4, 0x0A4F, 0x11E5, 0x11E6, 0x11E7, 0x11E8, 0x11E9, 0x11EA, 0x11EB, 0x11EC, 0x11ED, 0x11EE,
        0x11EF, 0x11F0, 0x11F1, 0x11F2, 0x11F3, 0x11F4, 0x11F5, 0x11F6, 0x11F7, 0x11F8, 0x0939, 0x11F9, 0x11FA, 0x11FB, 0x11FC, 0x11FD, 0x11FE,
        0x0A93, 0x11FF, 0x1200, 0x1201, 0x1202, 0x1203, 0x1204, 0x1205, 0x1206, 0x1207, 0x1208, 0x1209, 0x120A, 0x120B, 0x120C, 0x120D, 0x120E,
        0x120F, 0x1210, 0x1211, 0x1212, 0x1168, 0x1169, 0x116A, 0x116B, 0x0A7F, 0x116C, 0x116D, 0x116E, 0x116F, 0x1170, 0x1171, 0x1172, 0x1173,
        0x1174, 0x1175, 0x1176, 0x1177, 0x0A81, 0x1178, 0x1179, 0x117A, 0x117B, 0x117C, 0x117D, 0x117E, 0x117F, 0x1180, 0x1181, 0x1182, 0x1182,
        0x1183, 0x1184, 0x0A83, 0x1185, 0x1186, 0x1187, 0x1188, 0x1189, 0x118A, 0x118B, 0x0964, 0x118C, 0x118D, 0x118E, 0x118F, 0x1190, 0x1191,
        0x1192, 0x0A89, 0x1193, 0x1194, 0x1195, 0x1196, 0x1197, 0x1198, 0x1198, 0x0A8A, 0x0AA7, 0x1199, 0x119A, 0x119B, 0x119C, 0x119D, 0x093E,
        0x0A8C, 0x119E, 0x119F, 0x0A42, 0x11A0, 0x11A1, 0x0A14, 0x11A2, 0x11A3, 0x0A46, 0x11A4, 0x11A5, 0x11A6, 0x11A7, 0x11A7, 0x11A8, 0x11A9,
        0x11AA, 0x11AB, 0x11AC, 0x11AD, 0x11AE, 0x11AF, 0x11B0, 0x11B1, 0x11B2, 0x11B3, 0x11B4, 0x11B5, 0x11B6, 0x11B7, 0x11B8, 0x0A32, 0x0910,
        0x1114, 0x1115, 0x1116, 0x1117, 0x1118, 0x1119, 0x111A, 0x111B, 0x111C, 0x111D, 0x111E, 0x111F, 0x1120, 0x1121, 0x1122, 0x1123, 0x1124,
        0x1125, 0x1126, 0x1127, 0x1128, 0x1129, 0x0A33, 0x112A, 0x112B, 0x112C, 0x112D, 0x112E, 0x112F, 0x0A35, 0x1130, 0x1131, 0x1132, 0x1133,
        0x1134, 0x1135, 0x1136, 0x1137, 0x092C, 0x0A7A, 0x1138, 0x1139, 0x113A, 0x113B, 0x113C, 0x113D, 0x113E, 0x113F, 0x0A36, 0x1140, 0x1141,
        0x1142, 0x1143, 0x0AA5, 0x1144, 0x1145, 0x1146, 0x1147, 0x1148, 0x1149, 0x114A, 0x114B, 0x114C, 0x114D, 0x114E, 0x114F, 0x1150, 0x0972,
        0x1151, 0x1152, 0x1153, 0x1154, 0x1155, 0x1156, 0x1157, 0x1158, 0x1159, 0x115A, 0x115B, 0x0A37, 0x09C9, 0x115C, 0x115D, 0x115E, 0x115F,
        0x1160, 0x1161, 0x1162, 0x1163, 0x0A7E, 0x1164, 0x1165, 0x1166, 0x1167, 0x09FE, 0x10BF, 0x10C0, 0x10C1, 0x10C2, 0x10C3, 0x10C4, 0x10C5,
        0x10C6, 0x10C7, 0x10C8, 0x10C9, 0x10CA, 0x10CB, 0x10CC, 0x10CD, 0x10CE, 0x10CF, 0x10D0, 0x10D1, 0x10D2, 0x10D3, 0x10D4, 0x10D5, 0x10D6,
        0x10D7, 0x10D8, 0x10D8, 0x10D9, 0x10DA, 0x10DB, 0x0961, 0x10DC, 0x10DD, 0x10DE, 0x10DF, 0x10E0, 0x10E1, 0x10E2, 0x10E3, 0x0A2E, 0x10E4,
        0x10E5, 0x10E6, 0x10E7, 0x10E8, 0x10E9, 0x10EA, 0x10EB, 0x10EC, 0x10ED, 0x10EE, 0x10EF, 0x10F0, 0x10F1, 0x10F2, 0x10F3, 0x10F4, 0x10F5,
        0x10F6, 0x10F7, 0x10F8, 0x092B, 0x10F9, 0x10FA, 0x10FB, 0x10FB, 0x10FC, 0x10FD, 0x10FD, 0x10FE, 0x10FF, 0x1100, 0x1101, 0x1102, 0x1103,
        0x1104, 0x1105, 0x1106, 0x1107, 0x1108, 0x1109, 0x110A, 0x0A2F, 0x110B, 0x110C, 0x110D, 0x110E, 0x0A72, 0x110E, 0x110F, 0x0A31, 0x1110,
        0x1111, 0x1112, 0x1113, 0x1044, 0x1045, 0x1046, 0x0000, 0x0000, 0x0000, 0x0000, 0x0000, 0x0000, 0x0000, 0x0000, 0x0000, 0x0000, 0x0000,
        0x0000, 0x0000, 0x1047, 0x1048, 0x1049, 0x104A, 0x104B, 0x104C, 0x104D, 0x104E, 0x104F, 0x1050, 0x1051, 0x1052, 0x1053, 0x1054, 0x1055,
        0x1056, 0x1057, 0x1058, 0x1059, 0x105A, 0x105B, 0x105C, 0x105D, 0x105E, 0x105F, 0x1060, 0x1061, 0x1062, 0x1063, 0x1064, 0x1065, 0x1066,
        0x109A, 0x109B, 0x109C, 0x109D, 0x109E, 0x0A63, 0x0A25, 0x0A26, 0x0A64, 0x109F, 0x10A0, 0x0965, 0x10A1, 0x0A27, 0x10A2, 0x10A3, 0x10A4,
        0x10A5, 0x10A5, 0x10A5, 0x10A6, 0x10A7, 0x10A8, 0x10A9, 0x10AA, 0x10AB, 0x10AC, 0x10AD, 0x10AE, 0x10AF, 0x10B0, 0x10B1, 0x10B2, 0x10B3,
        0x10B4, 0x10B5, 0x10B6, 0x10B7, 0x10B7, 0x0A66, 0x10B8, 0x10B9, 0x10BA, 0x10BB, 0x0A29, 0x10BC, 0x10BD, 0x10BE, 0x1004, 0x1005, 0x1006,
        0x1007, 0x1008, 0x1009, 0x100A, 0x100B, 0x100C, 0x100D, 0x100E, 0x100F, 0x1010, 0x1011, 0x1012, 0x1013, 0x1014, 0x1015, 0x1016, 0x1017,
        0x1018, 0x1019, 0x101A, 0x101B, 0x101C, 0x101D, 0x101E, 0x053F, 0x054E, 0x101F, 0x1020, 0x0000, 0x1021, 0x1022, 0x1023, 0x1024, 0x1025,
        0x1026, 0x1027, 0x1028, 0x1029, 0x102A, 0x102B, 0x102C, 0x102D, 0x102E, 0x102F, 0x1030, 0x1031, 0x1032, 0x1033, 0x1034, 0x1035, 0x1036,
        0x1037, 0x1038, 0x1039, 0x103A, 0x103B, 0x08AF, 0x103C, 0x103D, 0x103E, 0x103F, 0x0000, 0x0000, 0x0000, 0x0000, 0x0000, 0x0000, 0x0000,
        0x0000, 0x0000, 0x0000, 0x0000, 0x0000, 0x0000, 0x0000, 0x0000, 0x0000, 0x0000, 0x0000, 0x0000, 0x0000, 0x0000, 0x0000, 0x0000, 0x0000,
        0x0000, 0x0000, 0x1040, 0x1041, 0x1042, 0x0000, 0x0000, 0x0000, 0x0F9B, 0x0F9C, 0x0F9D, 0x0F9E, 0x0F9F, 0x0FA0, 0x0FA1, 0x0FA2, 0x0FA3,
        0x0FA4, 0x0FA5, 0x0FA6, 0x0FA7, 0x0FA8, 0x0FA9, 0x0FAA, 0x0FAB, 0x0FAC, 0x0FAD, 0x0FAE, 0x0FAF, 0x0FB0, 0x0FB1, 0x0FB2, 0x0FB3, 0x0FB4,
        0x0FB5, 0x0FB6, 0x0FB7, 0x0FB8, 0x0FB9, 0x0FBA, 0x0FBB, 0x0FBC, 0x0FBD, 0x0FBE, 0x0FBF, 0x0FC0, 0x0FC1, 0x0FC2, 0x0FC3, 0x0FC4, 0x0FC5,
        0x0FC6, 0x0FC7, 0x0FC8, 0x0FC9, 0x0FCA, 0x0FE8, 0x0FE9, 0x0FEA, 0x0000, 0x0FEC, 0x0FED, 0x0FEE, 0x0FEF, 0x0000, 0x0FF1, 0x0FF2, 0x0FF3,
        0x0FF4, 0x0000, 0x0FF6, 0x0000, 0x0FD9, 0x0FDA, 0x0FDB, 0x0FDC, 0x0FF8, 0x0FDD, 0x0FDE, 0x0FDF, 0x0FE0, 0x0FE1, 0x0000, 0x0FE3, 0x0FE4,
        0x0FE5, 0x0FE6, 0x0FE7, 0x0FE8, 0x0FE9, 0x0FEA, 0x0FEB, 0x0FEC, 0x0FED, 0x0FEE, 0x0FEF, 0x0FF0, 0x0FF1, 0x0FF2, 0x0FF3, 0x0000, 0x0000,
        0x0000, 0x0000, 0x0E58, 0x0E59, 0x0E5A, 0x0E5B, 0x0E5C, 0x0E5D, 0x0E5E, 0x0E5F, 0x0E60, 0x0E61, 0x0E62, 0x0E63, 0x0E64, 0x0E65, 0x0E66,
        0x0E67, 0x0E68, 0x0E69, 0x0E6A, 0x0E6B, 0x0E6C, 0x0E6D, 0x0E6E, 0x0E6F, 0x0E70, 0x0E71, 0x0E72, 0x0E73, 0x0E74, 0x0E75, 0x0E76, 0x0E77,
        0x0E78, 0x0E79, 0x0E7A, 0x0E7B, 0x0E7C, 0x0E7D, 0x0E7E, 0x0E7F, 0x0E80, 0x0E81, 0x0E82, 0x0E83, 0x0E84, 0x0E85, 0x0E86, 0x0E87, 0x0F58,
        0x0482, 0x0471, 0x0F59, 0x045E, 0x0460, 0x047A, 0x0483, 0x0F5A, 0x0464, 0x0F5B, 0x0F5C, 0x0475, 0x0F5D, 0x0F5E, 0x0F5F, 0x0F60, 0x0F61,
        0x0F62, 0x0F63, 0x0F64, 0x0F65, 0x0F66, 0x0F67, 0x0F33, 0x0470, 0x0000, 0x0481, 0x0472, 0x0473, 0x0F34, 0x0000, 0x0462, 0x0F35, 0x0F36,
        0x0463, 0x0474, 0x0000, 0x0F37, 0x0000, 0x0000, 0x0000, 0x0F38, 0x0F39, 0x0F3A, 0x0F3B, 0x0F3C, 0x0F3D, 0x0D9C, 0x0D9D, 0x0D9E, 0x0D9F,
        0x0DA0, 0x0DA1, 0x0DA2, 0x0DA3, 0x0DA4, 0x0DA5, 0x0DA6, 0x0DA7, 0x0DA8, 0x0DA9, 0x0DAA, 0x0DAB, 0x0DAC, 0x0DAD, 0x0DAE, 0x0DAF, 0x0DB0,
        0x0DB1, 0x0DB2, 0x0DB3, 0x0DB4, 0x0DB5, 0x0DB6, 0x0DB7, 0x0DB8, 0x0DB9, 0x0DBA, 0x0DBB, 0x0DBC, 0x0DBD, 0x0DBE, 0x0DBF, 0x0DC0, 0x0DC1,
        0x0DC2, 0x0DC3, 0x0DC4, 0x0DC5, 0x0DC6, 0x0DC7, 0x0DC8, 0x0DC9, 0x0DCA, 0x0DCB, 0x0E28, 0x0E29, 0x0E2A, 0x0E2B, 0x0E2C, 0x0E2D, 0x0E2E,
        0x0E2F, 0x0E30, 0x0E31, 0x0E32, 0x0E33, 0x0E34, 0x0E35, 0x0E36, 0x0E37, 0x0E38, 0x0E39, 0x0E3A, 0x0E3B, 0x0E3C, 0x0E3D, 0x0E3E, 0x0E3F,
        0x0E40, 0x0E41, 0x0E42, 0x0E43, 0x0E44, 0x0E45, 0x0E46, 0x0E47, 0x0E48, 0x0E49, 0x0E4A, 0x0E4B, 0x0E4C, 0x0E4D, 0x0E4E, 0x0E4F, 0x0E50,
        0x0E51, 0x0E52, 0x0E53, 0x0E54, 0x0E55, 0x0E56, 0x0E57, 0x0D33, 0x0D34, 0x0D35, 0x0D36, 0x0D37, 0x0D38, 0x0D39, 0x0D3A, 0x0D3B, 0x0D3C,
        0x0000, 0x0000, 0x0000, 0x0000, 0x0000, 0x0000, 0x0000, 0x0000, 0x0000, 0x0000, 0x0000, 0x0000, 0x0000, 0x0000, 0x0000, 0x0000, 0x0000,
        0x0000, 0x0000, 0x0000, 0x0000, 0x0000, 0x0D3D, 0x0D3E, 0x0D3F, 0x0D40, 0x0D40, 0x0D41, 0x0D42, 0x0D43, 0x0D44, 0x0D45, 0x0D46, 0x0D47,
        0x0D48, 0x0D49, 0x0D4A, 0x0D4B, 0x0D6E, 0x0D6F, 0x0D70, 0x0000, 0x0D71, 0x0000, 0x0D72, 0x0D73, 0x0D74, 0x0D75, 0x0D76, 0x0D77, 0x0D78,
        0x0D79, 0x0D7A, 0x0D7B, 0x0D7C, 0x0D7D, 0x0D7E, 0x0D7F, 0x0D80, 0x0D81, 0x0D82, 0x0D83, 0x0D84, 0x0D85, 0x0D86, 0x0D87, 0x0D88, 0x0D89,
        0x0D8A, 0x0D8B, 0x0D8C, 0x0D8D, 0x0D8E, 0x0D8F, 0x0D90, 0x0D91, 0x0D92, 0x0D93, 0x0D94, 0x0D95, 0x0D96, 0x0D97, 0x0D98, 0x0D99, 0x0D9A,
        0x0D9B, 0x0CB0, 0x0CB1, 0x0CB2, 0x0CB3, 0x0CB4, 0x0CB5, 0x0CB6, 0x0CB7, 0x0CB8, 0x0CB9, 0x0CBA, 0x0CBB, 0x0CBC, 0x0CBD, 0x0CBE, 0x0CBF,
        0x0CC0, 0x0CC1, 0x0CC2, 0x0CC3, 0x0CC4, 0x0CC5, 0x0CC6, 0x0CC7, 0x0CC8, 0x0CC9, 0x0CCA, 0x0CCB, 0x0CCC, 0x0CCD, 0x0CCE, 0x0CCF, 0x0CD0,
        0x0CD1, 0x0CD2, 0x0CD3, 0x0CD4, 0x0CD5, 0x0CD6, 0x0CD7, 0x0CD8, 0x0CD9, 0x0CDA, 0x0CDB, 0x0CDC, 0x0CDD, 0x0CDE, 0x0CDF, 0x0CE0, 0x0CE1,
        0x0CE2, 0x0CE3, 0x0CE4, 0x0CE5, 0x0CE6, 0x0CE7, 0x0CE8, 0x0CE9, 0x0CEA, 0x0CEB, 0x0CEC, 0x0CED, 0x0CEE, 0x0CEF, 0x0000, 0x0000, 0x0CF0,
        0x0CF1, 0x0CF2, 0x0CF3, 0x0CF4, 0x0CF5, 0x0CF6, 0x0CF7, 0x0CF8, 0x0CF9, 0x0CFA, 0x0CFB, 0x0CFC, 0x0CFD, 0x0CFE, 0x0CFF, 0x0D00, 0x0D01,
        0x0D02, 0x0D03, 0x0D04, 0x0D05, 0x0D06, 0x0D07, 0x0D08, 0x0D09, 0x0D0A, 0x0D0B, 0x0D0C, 0x0D0D, 0x0C32, 0x0C33, 0x0C34, 0x0C35, 0x0C36,
        0x0C37, 0x0C38, 0x0C39, 0x0C3A, 0x0C3B, 0x0C3C, 0x0C3D, 0x0C3E, 0x0C3F, 0x0C40, 0x0C41, 0x0C42, 0x0C43, 0x0C44, 0x0C45, 0x0C46, 0x0C47,
        0x0C48, 0x0C49, 0x0C4A, 0x0C4B, 0x0C4C, 0x0C4D, 0x0C4E, 0x0C4F, 0x0C50, 0x0C51, 0x0C52, 0x0C53, 0x0C54, 0x0C55, 0x0C56, 0x0C57, 0x0C58,
        0x0C59, 0x0C5A, 0x0C5B, 0x0C5C, 0x0C5D, 0x0C5E, 0x0C5F, 0x0C60, 0x0C61, 0x0C62, 0x0C63, 0x0C64, 0x0C65, 0x0C66, 0x0C67, 0x0C68, 0x0C69,
        0x0C6A, 0x0C6B, 0x0C6C, 0x0C6D, 0x0C6E, 0x0C6F, 0x0C70, 0x0C71, 0x0C72, 0x0C73, 0x0C74, 0x0C75, 0x0C76, 0x0C77, 0x0C78, 0x0C79, 0x0C7A,
        0x0C7B, 0x0C7C, 0x0C7D, 0x0C7E, 0x0C7F, 0x0C80, 0x0C81, 0x0C82, 0x0C83, 0x0C84, 0x0C85, 0x0C86, 0x0C87, 0x0C88, 0x0C89, 0x0C8A, 0x0C8B,
        0x0C8C, 0x0C8D, 0x0C8E, 0x0C8F, 0x0C90, 0x0C91, 0x0BD3, 0x0BD4, 0x0BD5, 0x0BD6, 0x0BD7, 0x0BD8, 0x0BD9, 0x0BDA, 0x0B6E, 0x0BDB, 0x0BDC,
        0x0BDD, 0x0BDE, 0x0BDF, 0x0BE0, 0x0BE1, 0x0BE2, 0x0BE3, 0x0BE4, 0x0BE5, 0x0BE6, 0x0BE7, 0x0BE8, 0x0BE9, 0x0BEA, 0x0BEB, 0x0BEC, 0x0BED,
        0x0BEE, 0x0BEF, 0x0BF0, 0x0BF1, 0x0BF2, 0x0BF3, 0x0BF4, 0x0BF5, 0x0BF6, 0x0BF7, 0x0BF8, 0x0BF9, 0x0BFA, 0x0BFB, 0x0BFC, 0x0BFD, 0x0BFE,
        0x0BFF, 0x0C00, 0x0C01, 0x0C02, 0x0C03, 0x0C04, 0x0C05, 0x0C06, 0x0C07, 0x0C08, 0x0C09, 0x0C0A, 0x0C0B, 0x0C0C, 0x0C0D, 0x0C0E, 0x0C0F,
        0x0C10, 0x0C11, 0x0C12, 0x0C13, 0x0C14, 0x0C15, 0x0C16, 0x0C17, 0x0C18, 0x0C19, 0x0C1A, 0x0C1B, 0x0C1C, 0x0C1D, 0x0C1E, 0x0C1F, 0x0C20,
        0x0C21, 0x0C22, 0x0C23, 0x0C24, 0x0C25, 0x0C26, 0x0C27, 0x0C28, 0x0C29, 0x0C2A, 0x0C2B, 0x0C2C, 0x0C2D, 0x0C2E, 0x0C2F, 0x0C30, 0x0C31,
        0x0B74, 0x0B75, 0x0B76, 0x0B6D, 0x0B77, 0x0B78, 0x0B79, 0x0B7A, 0x0B7B, 0x0B7C, 0x0B7D, 0x0B7E, 0x0B7F, 0x0B80, 0x0B81, 0x0B82, 0x0B83,
        0x0B84, 0x0B85, 0x0B86, 0x0B87, 0x0B88, 0x0B89, 0x0B8A, 0x0B8B, 0x0B8C, 0x0B8D, 0x0B8E, 0x0B8F, 0x0B90, 0x0B91, 0x0B92, 0x0B93, 0x0B94,
        0x0B95, 0x0B96, 0x0B97, 0x0B98, 0x0B99, 0x0B9A, 0x0B9B, 0x0B9C, 0x0B9D, 0x0B9E, 0x0B9F, 0x0BA0, 0x0BA1, 0x0BA2, 0x0BA3, 0x0BA4, 0x0BA5,
        0x0BA6, 0x0BA7, 0x0BA8, 0x0BA9, 0x0BAA, 0x0BAB, 0x0BAC, 0x0BAD, 0x0BAE, 0x0BAF, 0x0BB0, 0x0BB1, 0x0BB2, 0x0BB3, 0x0BB4, 0x0BB5, 0x0BB6,
        0x0BB7, 0x0BB8, 0x0BB9, 0x0BBA, 0x0BBB, 0x0BBC, 0x0BBD, 0x0BBE, 0x0BBF, 0x0BC0, 0x0BC1, 0x0BC2, 0x0BC3, 0x0BC4, 0x0BC5, 0x0BC6, 0x0BC7,
        0x0BC8, 0x0BC9, 0x0BCA, 0x0BCB, 0x0BCC, 0x0BCD, 0x0BCE, 0x0BCF, 0x0BD0, 0x0BD1, 0x0BD2, 0x0AD7, 0x0AD8, 0x0000, 0x0AD9, 0x0ADA, 0x0000,
        0x0ADB, 0x0ADC, 0x0ADD, 0x0ADE, 0x0ADF, 0x0AE0, 0x0AE1, 0x0AE2, 0x0AE3, 0x0AE4, 0x0AE5, 0x0AE6, 0x0AE7, 0x0AE8, 0x0AE9, 0x0AEA, 0x0AEB,
        0x0AEC, 0x0AED, 0x0AEE, 0x0AEF, 0x0AF0, 0x0AF1, 0x0AF2, 0x0AF3, 0x0AF4, 0x0AF5, 0x0AF6, 0x0AF7, 0x0AF8, 0x0AF9, 0x0AFA, 0x0AFB, 0x0AFC,
        0x0AFD, 0x0AFE, 0x0AFF, 0x0B00, 0x0B01, 0x0B02, 0x0B03, 0x0B04, 0x0B05, 0x0B06, 0x0B07, 0x0B08, 0x0B09, 0x0B0A, 0x0B0B, 0x0B0C, 0x0B0D,
        0x0B0E, 0x0B0F, 0x0B10, 0x0B11, 0x0B12, 0x0B13, 0x0B14, 0x0B15, 0x0B16, 0x0B17, 0x0B18, 0x0B19, 0x0B1A, 0x0B1B, 0x0B1C, 0x0B1D, 0x0B1E,
        0x0B1F, 0x0B20, 0x0B21, 0x0B22, 0x0B23, 0x0B24, 0x0B25, 0x0B26, 0x0B27, 0x0B28, 0x0B29, 0x0B2A, 0x0B2B, 0x0B2C, 0x0B2D, 0x0B2E, 0x0B2F,
        0x0B30, 0x0B31, 0x0B32, 0x0B33, 0x0B34, 0x0A42, 0x0A43, 0x0A44, 0x0A45, 0x0A46, 0x0A47, 0x0A48, 0x0998, 0x0A49, 0x0A4A, 0x0A4B, 0x0A4C,
        0x0A4D, 0x0A4E, 0x0A4E, 0x0A4F, 0x0A50, 0x0A51, 0x0A52, 0x0A53, 0x0A54, 0x0A55, 0x0A56, 0x0A1A, 0x0A57, 0x0A58, 0x0A59, 0x0A5A, 0x0A5B,
        0x0A5C, 0x0000, 0x0000, 0x0A5D, 0x0A5E, 0x0A5F, 0x0A60, 0x0A61, 0x0A62, 0x0A63, 0x0A64, 0x0A28, 0x0A65, 0x0A66, 0x0A67, 0x0A0C, 0x0A68,
        0x0A69, 0x0A6A, 0x0A6B, 0x0A6C, 0x0A6D, 0x0A6E, 0x0A6F, 0x0A70, 0x0A71, 0x0A72, 0x0A73, 0x0A31, 0x0A74, 0x0A32, 0x0A75, 0x0A76, 0x0A77,
        0x0A78, 0x0A79, 0x0A0D, 0x092C, 0x0A7A, 0x0A7B, 0x0A7C, 0x0972, 0x09C9, 0x0A7D, 0x0A7E, 0x0A39, 0x0A7F, 0x0A3A, 0x0A80, 0x0A81, 0x0A82,
        0x0A0F, 0x0A83, 0x0A84, 0x0A85, 0x0A86, 0x0A87, 0x0A10, 0x0A88, 0x0A89, 0x0A8A, 0x0A8B, 0x0A8C, 0x0A8D, 0x0A48, 0x0A8E, 0x0A8F, 0x09BF,
        0x09C0, 0x09C1, 0x09C2, 0x09C3, 0x09C4, 0x09C5, 0x09C6, 0x09C7, 0x09C8, 0x09C9, 0x09CA, 0x09CB, 0x09CC, 0x09CD, 0x09CE, 0x09CF, 0x09D0,
        0x09D1, 0x09D2, 0x09D3, 0x09D4, 0x09D5, 0x09D6, 0x09D7, 0x09D8, 0x09D9, 0x0963, 0x09DA, 0x09DB, 0x09DC, 0x09DD, 0x09DE, 0x09DF, 0x09E0,
        0x09E1, 0x09E2, 0x09E3, 0x09E4, 0x09E5, 0x09E6, 0x09E7, 0x09E8, 0x09E9, 0x09EA, 0x09EB, 0x09EC, 0x09ED, 0x0A18, 0x0000, 0x0A19, 0x0000,
        0x0000, 0x0A1A, 0x0A1B, 0x0000, 0x0000, 0x0000, 0x0A1C, 0x0A1D, 0x0A1E, 0x0A1F, 0x0A20, 0x0A21, 0x0A22, 0x0A23, 0x0A24, 0x0A25, 0x0A26,
        0x0A27, 0x0A28, 0x0A29, 0x0A2A, 0x0A2B, 0x0A2C, 0x0A2D, 0x0A2E, 0x0A2F, 0x0A30, 0x0A31, 0x0A32, 0x0A33, 0x0A34, 0x0A35, 0x0A36, 0x0A37,
        0x0A38, 0x0A39, 0x0A3A, 0x0A3B, 0x0A3C, 0x0A3D, 0x0A3E, 0x0A3F, 0x0A40, 0x0A41, 0x0962, 0x0963, 0x0964, 0x0965, 0x0966, 0x0967, 0x0968,
        0x0969, 0x096A, 0x096B, 0x096C, 0x096D, 0x096E, 0x096F, 0x0970, 0x0971, 0x0972, 0x0973, 0x0974, 0x0975, 0x0976, 0x0977, 0x0978, 0x0979,
        0x097A, 0x097B, 0x097C, 0x097D, 0x097E, 0x097F, 0x0980, 0x0981, 0x0982, 0x0983, 0x0984, 0x0985, 0x0986, 0x0987, 0x0988, 0x0989, 0x098A,
        0x098B, 0x098C, 0x098D, 0x098E, 0x098F, 0x0990, 0x0991, 0x0992, 0x0993, 0x0994, 0x0995, 0x0996, 0x0997, 0x0998, 0x0999, 0x099A, 0x099B,
        0x099C, 0x099D, 0x099E, 0x099F, 0x09A0, 0x09A1, 0x09A2, 0x0971, 0x09A3, 0x09A4, 0x09A5, 0x09A6, 0x09A7, 0x09A8, 0x09A9, 0x09AA, 0x0961,
        0x09AB, 0x09AC, 0x09AD, 0x09AE, 0x09AF, 0x09B0, 0x09B1, 0x09B2, 0x09B3, 0x09B4, 0x09B5, 0x09B6, 0x09B7, 0x09B8, 0x09B9, 0x09BA, 0x09BB,
        0x09BC, 0x09BD, 0x09BE, 0x0917, 0x0904, 0x0905, 0x0906, 0x0907, 0x0908, 0x0909, 0x090A, 0x090B, 0x090B, 0x090C, 0x090D, 0x090E, 0x090F,
        0x0910, 0x0911, 0x0912, 0x0913, 0x0914, 0x0915, 0x0916, 0x0917, 0x0918, 0x0919, 0x091A, 0x091B, 0x091C, 0x091D, 0x091E, 0x091F, 0x0920,
        0x0921, 0x0922, 0x0923, 0x0924, 0x0925, 0x0926, 0x0927, 0x0928, 0x0929, 0x092A, 0x092B, 0x092C, 0x092D, 0x092E, 0x092F, 0x0930, 0x0931,
        0x0932, 0x0933, 0x0934, 0x0935, 0x0936, 0x0937, 0x0938, 0x0939, 0x093A, 0x093B, 0x093C, 0x093D, 0x093E, 0x093F, 0x0940, 0x0941, 0x0942,
        0x0943, 0x0944, 0x0945, 0x0946, 0x0947, 0x0948, 0x0949, 0x094A, 0x094B, 0x094C, 0x094D, 0x094E, 0x094F, 0x0950, 0x0951, 0x0952, 0x0953,
        0x0954, 0x0955, 0x0956, 0x0957, 0x0958, 0x0959, 0x095A, 0x095B, 0x095C, 0x095D, 0x095E, 0x0917, 0x095F, 0x0960, 0x0961, 0x0886, 0x0887,
        0x0888, 0x0889, 0x088A, 0x088B, 0x088C, 0x088D, 0x088E, 0x088F, 0x0890, 0x0891, 0x0892, 0x0893, 0x0894, 0x0895, 0x0896, 0x0897, 0x0898,
        0x0899, 0x089A, 0x089B, 0x089C, 0x089D, 0x089E, 0x089F, 0x08A0, 0x08A1, 0x08A2, 0x08A3, 0x08A4, 0x08A5, 0x08A6, 0x08A7, 0x08A8, 0x08A9,
        0x08AA, 0x08AB, 0x08AC, 0x08AD, 0x08AE, 0x08AF, 0x08B0, 0x08B1, 0x08B2, 0x08B3, 0x08B4, 0x08B5, 0x08B6, 0x08B7, 0x08B8, 0x08B9, 0x08BA,
        0x08BB, 0x08BC, 0x08BD, 0x08BE, 0x08BF, 0x08C0, 0x08C1, 0x08C2, 0x08C3, 0x08C4, 0x08C5, 0x08C6, 0x08C7, 0x08C8, 0x08C9, 0x08CA, 0x08CB,
        0x08CC, 0x08CD, 0x08CE, 0x08CF, 0x08D0, 0x08D1, 0x08D2, 0x08D3, 0x08D4, 0x08D5, 0x08D6, 0x08D7, 0x08D8, 0x08D9, 0x08DA, 0x08DB, 0x08DC,
        0x08DD, 0x08DE, 0x08DF, 0x08E0, 0x08E1, 0x08E2, 0x08E3, 0x08E4, 0x08E5, 0x0826, 0x0827, 0x0828, 0x0829, 0x082A, 0x082B, 0x082C, 0x082D,
        0x082E, 0x082F, 0x0830, 0x0831, 0x0832, 0x0833, 0x0834, 0x0835, 0x0836, 0x0837, 0x0838, 0x0839, 0x083A, 0x083B, 0x083C, 0x083D, 0x083E,
        0x083F, 0x0840, 0x0841, 0x0842, 0x0843, 0x0844, 0x0845, 0x0846, 0x0847, 0x0848, 0x0849, 0x084A, 0x084B, 0x084C, 0x084D, 0x084E, 0x084F,
        0x0850, 0x0851, 0x0852, 0x0853, 0x0854, 0x0855, 0x0856, 0x0857, 0x0858, 0x0859, 0x085A, 0x085B, 0x085C, 0x085D, 0x085E, 0x085F, 0x0860,
        0x0861, 0x0862, 0x0863, 0x0864, 0x0865, 0x0866, 0x0867, 0x0868, 0x0869, 0x086A, 0x086B, 0x086C, 0x086D, 0x086E, 0x086F, 0x0870, 0x0871,
        0x0872, 0x0873, 0x0874, 0x0875, 0x0876, 0x0877, 0x0878, 0x0879, 0x087A, 0x087B, 0x087C, 0x087D, 0x087E, 0x087F, 0x0880, 0x0881, 0x0882,
        0x0883, 0x0884, 0x0885, 0x07C6, 0x07C7, 0x07C8, 0x07C9, 0x07CA, 0x07CB, 0x07CC, 0x07CD, 0x07CE, 0x07CF, 0x07D0, 0x07D1, 0x07D2, 0x07D3,
        0x07D4, 0x07D5, 0x07D6, 0x07D7, 0x07D8, 0x07D9, 0x07DA, 0x07DB, 0x07DC, 0x07DD, 0x07DE, 0x07DF, 0x07E0, 0x07E1, 0x07E2, 0x07E3, 0x07E4,
        0x07E5, 0x07E6, 0x07E7, 0x07E8, 0x07E9, 0x07EA, 0x07EB, 0x07EC, 0x07ED, 0x07EE, 0x07EF, 0x07F0, 0x07F1, 0x07F2, 0x07F3, 0x07F4, 0x07F5,
        0x07F6, 0x07F7, 0x07F8, 0x07F9, 0x07FA, 0x07FB, 0x07FC, 0x07FD, 0x07FE, 0x07FF, 0x0800, 0x0801, 0x0802, 0x0803, 0x0804, 0x0805, 0x0806,
        0x0807, 0x0808, 0x0809, 0x080A, 0x080B, 0x080C, 0x080D, 0x080E, 0x080F, 0x0810, 0x0811, 0x0812, 0x0813, 0x0814, 0x0815, 0x0816, 0x0817,
        0x0818, 0x0819, 0x081A, 0x081B, 0x081C, 0x081D, 0x081E, 0x081F, 0x0820, 0x0821, 0x0822, 0x0823, 0x0824, 0x0825, 0x0767, 0x0768, 0x0769,
        0x076A, 0x076B, 0x076C, 0x076D, 0x076E, 0x076F, 0x0770, 0x0771, 0x0772, 0x0773, 0x0774, 0x0775, 0x0000, 0x0776, 0x0777, 0x0778, 0x0779,
        0x077A, 0x077B, 0x077C, 0x077D, 0x077E, 0x077F, 0x0780, 0x0781, 0x0782, 0x0783, 0x0784, 0x0785, 0x0786, 0x0787, 0x0788, 0x0789, 0x078A,
        0x078B, 0x078C, 0x078D, 0x078E, 0x078F, 0x0790, 0x0791, 0x0792, 0x0793, 0x0794, 0x0795, 0x0796, 0x0797, 0x0798, 0x0799, 0x079A, 0x079B,
        0x079C, 0x079D, 0x079E, 0x079F, 0x07A0, 0x07A1, 0x07A2, 0x07A3, 0x07A4, 0x07A5, 0x07A6, 0x07A7, 0x07A8, 0x07A9, 0x07AA, 0x07AB, 0x07AC,
        0x07AD, 0x07AE, 0x07AF, 0x07B0, 0x07B1, 0x07B2, 0x07B3, 0x07B4, 0x07B5, 0x07B6, 0x07B7, 0x07B8, 0x07B9, 0x07BA, 0x07BB, 0x07BC, 0x07BD,
        0x07BE, 0x07BF, 0x07C0, 0x07C1, 0x07C2, 0x07C3, 0x07C4, 0x07C5, 0x0710, 0x0711, 0x0712, 0x0713, 0x0714, 0x0715, 0x0716, 0x0717, 0x0718,
        0x0719, 0x071A, 0x071B, 0x071C, 0x071D, 0x071E, 0x0000, 0x071F, 0x0720, 0x0721, 0x0722, 0x0723, 0x0724, 0x0725, 0x0726, 0x0727, 0x0728,
        0x0729, 0x072A, 0x072B, 0x072C, 0x072D, 0x072E, 0x072F, 0x0730, 0x0731, 0x0732, 0x0733, 0x0734, 0x0735, 0x0736, 0x0737, 0x0738, 0x0739,
        0x073A, 0x073B, 0x073C, 0x073D, 0x073E, 0x073F, 0x0740, 0x0741, 0x0742, 0x0743, 0x0744, 0x0745, 0x0746, 0x0000, 0x0000, 0x0000, 0x0000,
        0x0000, 0x0000, 0x0000, 0x0000, 0x0747, 0x0748, 0x0749, 0x074A, 0x074B, 0x074C, 0x074D, 0x074E, 0x074F, 0x0750, 0x0751, 0x0752, 0x0753,
        0x0754, 0x0755, 0x0756, 0x0757, 0x0758, 0x0759, 0x075A, 0x075B, 0x075C, 0x075D, 0x075E, 0x075F, 0x0760, 0x0761, 0x0762, 0x0763, 0x0764,
        0x0765, 0x0766, 0x061C, 0x061D, 0x061E, 0x061F, 0x0620, 0x0621, 0x0622, 0x0623, 0x0624, 0x0625, 0x0626, 0x0627, 0x0628, 0x0629, 0x062A,
        0x062B, 0x062C, 0x062D, 0x062E, 0x062F, 0x0630, 0x0631, 0x0632, 0x0633, 0x0634, 0x0635, 0x0636, 0x0637, 0x0638, 0x0639, 0x063A, 0x063B,
        0x063C, 0x063D, 0x063E, 0x063F, 0x0640, 0x0641, 0x0642, 0x0643, 0x0644, 0x0645, 0x0646, 0x0647, 0x0648, 0x0649, 0x064A, 0x064B, 0x06B3,
        0x06B4, 0x06B5, 0x06B6, 0x06B7, 0x06B8, 0x06B9, 0x06BA, 0x06BB, 0x06BC, 0x06BD, 0x06BE, 0x06BF, 0x06C0, 0x06C1, 0x06C2, 0x06C3, 0x06C4,
        0x06C5, 0x06C6, 0x06C7, 0x06C8, 0x06C9, 0x06CA, 0x06CB, 0x06CC, 0x06CD, 0x06CE, 0x06CF, 0x06D0, 0x06D1, 0x06D2, 0x06D3, 0x06D4, 0x06D5,
        0x06D6, 0x06D7, 0x06D8, 0x06D9, 0x06DA, 0x06DB, 0x06DC, 0x06DD, 0x06DE, 0x06DF, 0x06E0, 0x06E1, 0x06E2, 0x05BC, 0x05BD, 0x05BE, 0x05BF,
        0x05C0, 0x05C1, 0x05C2, 0x05C3, 0x05C4, 0x05C5, 0x05C6, 0x05C7, 0x05C8, 0x05C9, 0x05CA, 0x05CB, 0x05CC, 0x05CD, 0x05CE, 0x05CF, 0x05D0,
        0x05D1, 0x05D2, 0x05D3, 0x05D4, 0x05D5, 0x05D6, 0x05D7, 0x05D8, 0x05D9, 0x05DA, 0x05DB, 0x05DC, 0x05DD, 0x05DE, 0x05DF, 0x05E0, 0x05E1,
        0x05E2, 0x05E3, 0x05E4, 0x05E5, 0x05E6, 0x05E7, 0x05E8, 0x05E9, 0x05EA, 0x05EB, 0x05EC, 0x05ED, 0x05EE, 0x05EF, 0x05F0, 0x05F1, 0x05F2,
        0x05F3, 0x05F4, 0x05F5, 0x05F6, 0x05F7, 0x05F8, 0x05F9, 0x05FA, 0x05FB, 0x05FC, 0x05FD, 0x05FE, 0x05FF, 0x0600, 0x0601, 0x0602, 0x0603,
        0x0604, 0x0605, 0x0606, 0x0607, 0x0608, 0x0609, 0x060A, 0x060B, 0x060C, 0x060D, 0x060E, 0x060F, 0x0610, 0x0611, 0x0612, 0x0613, 0x0614,
        0x0615, 0x0616, 0x0617, 0x0618, 0x0619, 0x061A, 0x061B, 0x0517, 0x0518, 0x0519, 0x051A, 0x051B, 0x051C, 0x051D, 0x051E, 0x051F, 0x0520,
        0x0521, 0x0522, 0x0523, 0x0524, 0x0525, 0x0526, 0x0527, 0x0528, 0x0529, 0x052A, 0x052B, 0x052C, 0x052D, 0x052E, 0x052F, 0x0530, 0x0531,
        0x0532, 0x0533, 0x0534, 0x0535, 0x0536, 0x0537, 0x0538, 0x0539, 0x053A, 0x053B, 0x053C, 0x053D, 0x053E, 0x053F, 0x0540, 0x0541, 0x0542,
        0x0543, 0x0544, 0x0545, 0x0546, 0x058C, 0x058D, 0x058E, 0x058F, 0x0590, 0x0591, 0x0592, 0x0593, 0x0594, 0x0595, 0x0596, 0x0597, 0x0598,
        0x0599, 0x059A, 0x059B, 0x059C, 0x059D, 0x059E, 0x059F, 0x05A0, 0x05A1, 0x05A2, 0x05A3, 0x05A4, 0x05A5, 0x05A6, 0x05A7, 0x05A8, 0x05A9,
        0x05AA, 0x05AB, 0x05AC, 0x05AD, 0x05AE, 0x05AF, 0x05B0, 0x05B1, 0x05B2, 0x05B3, 0x05B4, 0x05B5, 0x05B6, 0x05B7, 0x05B8, 0x05B9, 0x05BA,
        0x05BB, 0x04D3, 0x04D4, 0x0000, 0x0000, 0x04D5, 0x04D6, 0x0000, 0x0000, 0x04D7, 0x04D8, 0x0000, 0x0000, 0x0000, 0x0000, 0x0000, 0x0000,
        0x0000, 0x0000, 0x0000, 0x0000, 0x0000, 0x0000, 0x0000, 0x0000, 0x0000, 0x0000, 0x0000, 0x0000, 0x0000, 0x0000, 0x0000, 0x0000, 0x0000,
        0x0000, 0x0000, 0x0000, 0x0000, 0x0000, 0x0000, 0x0000, 0x0000, 0x0000, 0x0000, 0x0000, 0x04D9, 0x04DA, 0x04DB, 0x04DC, 0x04E7, 0x04E8,
        0x04E9, 0x04EA, 0x04EB, 0x04EC, 0x04ED, 0x04EE, 0x04EF, 0x04F0, 0x04F1, 0x04F2, 0x04F3, 0x04F4, 0x04F5, 0x04F6, 0x04F7, 0x04F8, 0x04F9,
        0x04FA, 0x04FB, 0x04FC, 0x04FD, 0x04FE, 0x04FF, 0x0500, 0x0501, 0x0502, 0x0503, 0x0504, 0x0505, 0x0506, 0x0507, 0x0508, 0x0509, 0x050A,
        0x050B, 0x050C, 0x050D, 0x050E, 0x050F, 0x0510, 0x0511, 0x0512, 0x0513, 0x0514, 0x0515, 0x0516, 0x0456, 0x0457, 0x0458, 0x0459, 0x0000,
        0x045A, 0x045B, 0x045C, 0x0000, 0x045D, 0x045E, 0x045F, 0x045F, 0x045F, 0x0460, 0x0461, 0x0462, 0x0462, 0x0463, 0x0464, 0x0000, 0x0465,
        0x0466, 0x0000, 0x0000, 0x0467, 0x0468, 0x0469, 0x0469, 0x0469, 0x0000, 0x0000, 0x046A, 0x046B, 0x046C, 0x0000, 0x046D, 0x0000, 0x046E,
        0x0000, 0x046D, 0x0000, 0x046F, 0x0014, 0x0470, 0x0458, 0x0000, 0x0471, 0x0472, 0x0473, 0x0000, 0x0474, 0x0475, 0x0476, 0x0477, 0x0478,
        0x0479, 0x047A, 0x0000, 0x047B, 0x047C, 0x047D, 0x047E, 0x047F, 0x0480, 0x0000, 0x0000, 0x0000, 0x0000, 0x0481, 0x0482, 0x0471, 0x047A,
        0x0483, 0x0000, 0x0000, 0x0000, 0x0000, 0x0000, 0x0000, 0x0484, 0x0485, 0x0486, 0x0487, 0x0488, 0x0489, 0x048A, 0x048B, 0x048C, 0x048D,
        0x048E, 0x048F, 0x0490, 0x0491, 0x0492, 0x0493, 0x03AD, 0x03AE, 0x03AF, 0x03B0, 0x03B1, 0x03B2, 0x03B3, 0x03B4, 0x03B5, 0x03B6, 0x03B7,
        0x03B8, 0x03B9, 0x03BA, 0x03BB, 0x03BC, 0x03BD, 0x03BE, 0x03BF, 0x03C0, 0x03C1, 0x03C2, 0x03C3, 0x03C4, 0x03C5, 0x03C6, 0x03C7, 0x03C8,
        0x03C9, 0x03CA, 0x03CB, 0x03CC, 0x03CD, 0x03CE, 0x03CF, 0x03D0, 0x03D1, 0x03D2, 0x03D3, 0x03D4, 0x03D5, 0x03D6, 0x03D7, 0x03D8, 0x03D9,
        0x03DA, 0x03DB, 0x03DC, 0x03DD, 0x03DE, 0x03DF, 0x03E0, 0x03E1, 0x0000, 0x03E2, 0x03E3, 0x03E4, 0x03E5, 0x03E6, 0x0139, 0x03E7, 0x03E8,
        0x03E9, 0x03E8, 0x03EA, 0x03EB, 0x03EC, 0x03ED, 0x03EE, 0x0000, 0x03EF, 0x03F0, 0x03F1, 0x013B, 0x03F2, 0x013C, 0x03F3, 0x03F4, 0x03F5,
        0x03F6, 0x03F7, 0x03F8, 0x03F9, 0x0141, 0x0000, 0x0000, 0x03FA, 0x03FB, 0x03FC, 0x03FD, 0x03FE, 0x013D, 0x0000, 0x03FF, 0x0400, 0x0401,
        0x02DC, 0x02DD, 0x02DE, 0x02DF, 0x02E0, 0x02E1, 0x02E2, 0x02E3, 0x02E4, 0x02E5, 0x02E6, 0x02E7, 0x0000, 0x0000, 0x0000, 0x0000, 0x02E8,
        0x02E9, 0x02EA, 0x02EB, 0x02EC, 0x02ED, 0x02EE, 0x02EF, 0x02F0, 0x02F1, 0x02F2, 0x02F3, 0x02F4, 0x02F5, 0x02F6, 0x02F7, 0x02F8, 0x02F9,
        0x02FA, 0x02FB, 0x02FC, 0x02FD, 0x02FE, 0x02FF, 0x0300, 0x0301, 0x0302, 0x0303, 0x0304, 0x0305, 0x0306, 0x0307, 0x0308, 0x0309, 0x030A,
        0x030B, 0x030C, 0x030D, 0x030E, 0x030F, 0x0310, 0x0311, 0x0312, 0x0313, 0x0314, 0x0315, 0x0316, 0x0317, 0x0318, 0x0319, 0x031A, 0x031B,
        0x031C, 0x031D, 0x031E, 0x031F, 0x0320, 0x0321, 0x0322, 0x0323, 0x0324, 0x0325, 0x0326, 0x0327, 0x0328, 0x0329, 0x032A, 0x032B, 0x032C,
        0x032D, 0x032E, 0x032F, 0x0330, 0x0331, 0x0332, 0x0333, 0x0334, 0x0335, 0x0336, 0x0337, 0x027C, 0x027D, 0x027E, 0x027F, 0x0280, 0x0281,
        0x0282, 0x0283, 0x0284, 0x0285, 0x0286, 0x0287, 0x0288, 0x0289, 0x028A, 0x028B, 0x028C, 0x028D, 0x028E, 0x028F, 0x0290, 0x0291, 0x0292,
        0x0293, 0x0294, 0x0295, 0x0296, 0x0297, 0x0298, 0x0299, 0x029A, 0x029B, 0x029C, 0x029D, 0x029E, 0x029F, 0x02A0, 0x02A1, 0x02A2, 0x02A3,
        0x02A4, 0x02A5, 0x02A6, 0x02A7, 0x02A8, 0x02A9, 0x02AA, 0x02AB, 0x02AC, 0x02AD, 0x02AE, 0x02AF, 0x02B0, 0x02B1, 0x02B2, 0x02B3, 0x02B4,
        0x02B5, 0x02B6, 0x02B7, 0x02B8, 0x02B9, 0x02BA, 0x02BB, 0x02BC, 0x02BD, 0x02BE, 0x02BF, 0x02C0, 0x02C1, 0x02C2, 0x02C3, 0x02C4, 0x02C5,
        0x02C6, 0x02C7, 0x02C8, 0x02C9, 0x02CA, 0x02CB, 0x02CC, 0x02CD, 0x02CE, 0x02CF, 0x02D0, 0x02D1, 0x02D2, 0x02D3, 0x02D4, 0x02D5, 0x02D6,
        0x02D7, 0x02D8, 0x02D9, 0x02DA, 0x02DB, 0x00D5, 0x00D6, 0x00D7, 0x00D8, 0x0000, 0x0000, 0x00D9, 0x00DA, 0x00DB, 0x00DC, 0x00DD, 0x00DE,
        0x00DF, 0x00E0, 0x00E1, 0x00E2, 0x00E3, 0x00E4, 0x00E5, 0x00E6, 0x00E7, 0x00E8, 0x0000, 0x0000, 0x00E9, 0x00EA, 0x00EB, 0x00EC, 0x00ED,
        0x00EE, 0x00EF, 0x00F0, 0x00F1, 0x00F2, 0x00F3, 0x00F4, 0x00F5, 0x00F6, 0x00F7, 0x00F8, 0x00F9, 0x00FA, 0x00FB, 0x00FC, 0x00FD, 0x00FE,
        0x00FF, 0x0100, 0x024C, 0x024D, 0x024E, 0x024F, 0x0250, 0x0251, 0x0252, 0x0253, 0x0254, 0x0255, 0x0256, 0x0257, 0x0258, 0x0259, 0x025A,
        0x025B, 0x025C, 0x025D, 0x025E, 0x025F, 0x0260, 0x0261, 0x0262, 0x0263, 0x0264, 0x0265, 0x0266, 0x0267, 0x0268, 0x0269, 0x026A, 0x026B,
        0x026C, 0x026D, 0x026E, 0x026F, 0x0270, 0x0271, 0x0272, 0x0273, 0x0274, 0x0275, 0x0276, 0x0277, 0x0278, 0x0279, 0x027A, 0x027B, 0x008A,
        0x008B, 0x0000, 0x0000, 0x008C, 0x008D, 0x008E, 0x008F, 0x0090, 0x0091, 0x0092, 0x0093, 0x0094, 0x0095, 0x0096, 0x0097, 0x0098, 0x0099,
        0x009A, 0x009B, 0x009C, 0x009D, 0x0000, 0x0000, 0x009E, 0x009F, 0x00A0, 0x00A1, 0x00A2, 0x00A3, 0x00A4, 0x00A5, 0x00A6, 0x00A7, 0x00A8,
        0x00A9, 0x00AA, 0x00AB, 0x00AC, 0x00AD, 0x00AE, 0x00AF, 0x00B0, 0x00B1, 0x00B2, 0x00B3, 0x00B4, 0x00B5, 0x00B9, 0x0000, 0x0000, 0x0000,
        0x0000, 0x0000, 0x0000, 0x0000, 0x0000, 0x0000, 0x0000, 0x0000, 0x0000, 0x0000, 0x0000, 0x0000, 0x0000, 0x0000, 0x0000, 0x0000, 0x00BA,
        0x00BB, 0x00BC, 0x00BD, 0x00BE, 0x00BF, 0x00C0, 0x00C1, 0x00C2, 0x00C3, 0x00C4, 0x00C5, 0x00C6, 0x00C7, 0x00C8, 0x00C9, 0x00CA, 0x00CB,
        0x00CC, 0x00CD, 0x00CE, 0x00CF, 0x00D0, 0x00D1, 0x00D2, 0x0000, 0x00D3, 0x00D4, 0x000F, 0x0010, 0x0011, 0x0012, 0x0013, 0x0014, 0x0000,
        0x0015, 0x0016, 0x0017, 0x0018, 0x0019, 0x001A, 0x001B, 0x001C, 0x001D, 0x0000, 0x001E, 0x001F, 0x0020, 0x0021, 0x0022, 0x0023, 0x0000,
        0x0000, 0x0024, 0x0025, 0x0026, 0x0027, 0x0028, 0x0000, 0x0000, 0x0029, 0x002A, 0x002B, 0x002C, 0x002D, 0x002E, 0x0000, 0x002F, 0x0030,
        0x0031, 0x0032, 0x0033, 0x0034, 0x0035, 0x0036, 0x0037, 0x0062, 0x0063, 0x0064, 0x0065, 0x0066, 0x0067, 0x0000, 0x0000, 0x0068, 0x0069,
        0x006A, 0x006B, 0x006C, 0x006D, 0x006E, 0x006F, 0x0070, 0x0000, 0x0071, 0x0072, 0x0073, 0x0074, 0x0075, 0x0076, 0x0000, 0x0077, 0x0078,
        0x0079, 0x007A, 0x007B, 0x007C, 0x007D, 0x007E, 0x0000, 0x0000, 0x007F, 0x0080, 0x0081, 0x0082, 0x0083, 0x0084, 0x0085, 0x0000, 0x0000,
        0x0086, 0x0087, 0x0088, 0x0089, 0x0FE8, 0x0FE9, 0x0FEA, 0x0FEB, 0x0FEC, 0x0FED, 0x0FEE, 0x0FEF, 0x0FF0, 0x0FF1, 0x0FF2, 0x0FF3, 0x0FF4,
        0x0FF5, 0x0FF6, 0x0FF7, 0x0000, 0x0FDA, 0x0FDB, 0x0000, 0x0FF8, 0x0000, 0x0000, 0x0FDF, 0x0000, 0x0FE1, 0x0FE2, 0x0FE3, 0x0FE4, 0x0FE5,
        0x0FE6, 0x0FE7, 0x0FE8, 0x0FE9, 0x0FEA, 0x0000, 0x0FEC, 0x0FED, 0x0FEE, 0x0FEF, 0x0000, 0x0FF1, 0x0000, 0x0FF3, 0x0000, 0x0000, 0x0000,
        0x0000, 0x041C, 0x0000, 0x0000, 0x0000, 0x0000, 0x0000, 0x041D, 0x0000, 0x0000, 0x0000, 0x0000, 0x0000, 0x0000, 0x0000, 0x0000, 0x0000,
        0x0000, 0x0000, 0x0000, 0x041E, 0x041F, 0x0420, 0x0000, 0x0000, 0x0000, 0x0000, 0x0000, 0x0000, 0x0000, 0x0000, 0x0001, 0x0000, 0x0000,
        0x0000, 0x0421, 0x0422, 0x0000, 0x0423, 0x0424, 0x0000, 0x0000, 0x0000, 0x0000, 0x0425, 0x0000, 0x0426, 0x0000, 0x0038, 0x0039, 0x003A,
        0x003B, 0x003C, 0x003D, 0x0000, 0x0000, 0x003E, 0x003F, 0x0040, 0x0041, 0x0042, 0x0000, 0x0043, 0x0044, 0x0045, 0x0046, 0x0047, 0x0048,
        0x0049, 0x004A, 0x004B, 0x004C, 0x004D, 0x004E, 0x004F, 0x0050, 0x0051, 0x0052, 0x0053, 0x0000, 0x0000, 0x0054, 0x0055, 0x0056, 0x0057,
        0x0058, 0x0059, 0x005A, 0x005B, 0x005C, 0x005D, 0x005E, 0x005F, 0x0060, 0x0061, 0x0E88, 0x0E89, 0x0E8A, 0x0E8B, 0x0E8C, 0x0E8D, 0x0E8E,
        0x0E8F, 0x0E90, 0x0E91, 0x0E92, 0x0E93, 0x0E94, 0x0E95, 0x0E96, 0x0E97, 0x0E98, 0x0E99, 0x0E9A, 0x0E9B, 0x0E9C, 0x0E9D, 0x0E9E, 0x0E9F,
        0x0EA0, 0x0EA1, 0x0EA2, 0x0EA3, 0x0EA4, 0x0EA5, 0x0EA6, 0x0EA7, 0x0EA8, 0x0EA9, 0x0EAA, 0x0EAB, 0x0EAC, 0x0EAD, 0x0EAE, 0x0EAF, 0x0EB0,
        0x0EB1, 0x0EB2, 0x0EB3, 0x0EB4, 0x0EB5, 0x0EB6, 0x0000, 0x0FDA, 0x0FDB, 0x0FDC, 0x0000, 0x0FDD, 0x0FDE, 0x0FDF, 0x0FE0, 0x0FE1, 0x0000,
        0x0FE3, 0x0FE4, 0x0FE5, 0x0FE6, 0x0FE7, 0x0FE8, 0x0FE9, 0x0FEA, 0x0FEB, 0x0FEC, 0x0FED, 0x0FEE, 0x0FEF, 0x0FF0, 0x0FF1, 0x0FF2, 0x0FF3,
        0x0000, 0x0000, 0x0000, 0x0000, 0x0000, 0x0000, 0x0000, 0x0000, 0x0000, 0x0000, 0x0000, 0x0000, 0x0000, 0x0000, 0x0000, 0x0000, 0x0000,
        0x0000, 0x0000, 0x0000, 0x01AC, 0x0000, 0x0000, 0x01AD, 0x0000, 0x0000, 0x0000, 0x0000, 0x0000, 0x0000, 0x0000, 0x0000, 0x0000, 0x0000,
        0x0000, 0x0000, 0x0000, 0x0000, 0x0000, 0x0000, 0x0000, 0x0000, 0x0000, 0x0000, 0x0000, 0x0000, 0x0000, 0x0000, 0x0000, 0x0135, 0x0000,
        0x0000, 0x0000, 0x0000, 0x0000, 0x0136, 0x0000, 0x0000, 0x0000, 0x0137, 0x0000, 0x0000, 0x0000, 0x0000, 0x0000, 0x0007, 0x0138, 0x0139,
        0x013A, 0x013B, 0x013C, 0x013D, 0x0000, 0x013E, 0x0000, 0x013F, 0x0140, 0x0DCC, 0x0DCD, 0x0DCE, 0x0DCF, 0x0DD0, 0x0DD1, 0x0DD2, 0x0DD3,
        0x0DD4, 0x0DD5, 0x0DD6, 0x0DD7, 0x0DD8, 0x0DD9, 0x0DDA, 0x0DDB, 0x0DDC, 0x0DDD, 0x0DDE, 0x0DDF, 0x0DE0, 0x0DE1, 0x0DE2, 0x0DE3, 0x0DE4,
        0x0DE5, 0x0DE6, 0x0DE7, 0x0DE8, 0x0DE9, 0x0DEA, 0x0DEB, 0x0DEC, 0x0DED, 0x0DEE, 0x0DEF, 0x0DF0, 0x0DF1, 0x0DF2, 0x0DF3, 0x0DF4, 0x0DF5,
        0x0DF6, 0x0DF7, 0x0DF8, 0x0000, 0x0000, 0x0000, 0x0DF9, 0x0DFA, 0x0DFB, 0x0DFC, 0x0DFD, 0x0DFE, 0x0DFF, 0x0E00, 0x0E01, 0x0E02, 0x0E03,
        0x0E04, 0x0E05, 0x0E06, 0x0E07, 0x0E08, 0x0E09, 0x0E0A, 0x0E0B, 0x0E0C, 0x0E0D, 0x0E0E, 0x0E0F, 0x0E10, 0x0E11, 0x0E12, 0x0E13, 0x0E14,
        0x0E15, 0x0E16, 0x0E17, 0x0E18, 0x0E19, 0x0E1A, 0x0E1B, 0x0E1C, 0x0E1D, 0x0E1E, 0x0E1F, 0x0E20, 0x0E21, 0x0E22, 0x0E23, 0x0E24, 0x0E25,
        0x0E26, 0x0E27, 0x09EE, 0x09EF, 0x09F0, 0x09F1, 0x09F2, 0x09F3, 0x09F4, 0x09F5, 0x09F6, 0x09F7, 0x09F8, 0x09F9, 0x09FA, 0x09FB, 0x09FC,
        0x09FD, 0x09FE, 0x09FF, 0x0A00, 0x0A01, 0x0A02, 0x0A03, 0x0A04, 0x0A05, 0x0A06, 0x0A07, 0x0A08, 0x0A09, 0x0A0A, 0x0A0B, 0x0000, 0x0000,
        0x0A0C, 0x0000, 0x0A0D, 0x0000, 0x0000, 0x0A0E, 0x0A0F, 0x0A10, 0x0A11, 0x0A12, 0x0A13, 0x0A14, 0x0A15, 0x0A16, 0x0A17, 0x0000, 0x019D,
        0x0000, 0x0000, 0x019E, 0x0000, 0x0000, 0x0000, 0x0000, 0x0000, 0x0000, 0x0000, 0x0000, 0x0000, 0x0000, 0x0000, 0x0000, 0x0000, 0x0000,
        0x0000, 0x0000, 0x0000, 0x0000, 0x0000, 0x0000, 0x0000, 0x0000, 0x0000, 0x0000, 0x0000, 0x0000, 0x0000, 0x0000, 0x0000, 0x0000, 0x0000,
        0x0000, 0x0000, 0x0000, 0x0000, 0x019F, 0x01A0, 0x01A1, 0x01A2, 0x01A3, 0x01A4, 0x01A5, 0x01A6, 0x038A, 0x038B, 0x038C, 0x038D, 0x038E,
        0x038F, 0x0390, 0x0391, 0x0000, 0x0392, 0x0000, 0x0393, 0x0000, 0x0394, 0x0000, 0x0395, 0x0396, 0x0397, 0x0398, 0x0399, 0x039A, 0x039B,
        0x039C, 0x039D, 0x039E, 0x039F, 0x03A0, 0x03A1, 0x03A2, 0x03A3, 0x03A4, 0x03A5, 0x03A6, 0x0144, 0x03A7, 0x0145, 0x03A8, 0x0146, 0x03A9,
        0x0147, 0x03AA, 0x014B, 0x03AB, 0x014C, 0x03AC, 0x014D, 0x0000, 0x0000, 0x017B, 0x017C, 0x017D, 0x017E, 0x017F, 0x0180, 0x0000, 0x0000,
        0x0181, 0x0182, 0x0183, 0x0184, 0x0185, 0x0186, 0x0187, 0x0188, 0x0189, 0x018A, 0x018B, 0x018C, 0x0000, 0x0000, 0x018D, 0x018E, 0x0000,
        0x0000, 0x0000, 0x0000, 0x0000, 0x0000, 0x0000, 0x0000, 0x0000, 0x0000, 0x0000, 0x0000, 0x0000, 0x0000, 0x0000, 0x0000, 0x0000, 0x0000,
        0x0000, 0x0000, 0x0000, 0x0000, 0x0195, 0x0196, 0x0197, 0x0198, 0x0000, 0x0000, 0x0000, 0x0000, 0x0000, 0x0000, 0x0000, 0x0000, 0x0000,
        0x0000, 0x0000, 0x0000, 0x0000, 0x0000, 0x0000, 0x0000, 0x0000, 0x0000, 0x0000, 0x0000, 0x0000, 0x0000, 0x0000, 0x04B5, 0x04B6, 0x0000,
        0x0000, 0x0000, 0x0000, 0x0000, 0x0000, 0x0000, 0x0000, 0x0000, 0x0000, 0x0000, 0x0000, 0x0000, 0x0000, 0x0000, 0x0000, 0x0000, 0x0000,
        0x04B7, 0x0000, 0x0000, 0x0000, 0x0000, 0x0000, 0x0000, 0x0000, 0x0000, 0x0000, 0x0000, 0x0000, 0x0000, 0x0000, 0x0000, 0x0000, 0x0000,
        0x0000, 0x0694, 0x0695, 0x0696, 0x0697, 0x0698, 0x0699, 0x069A, 0x069B, 0x069C, 0x069D, 0x069E, 0x069F, 0x06A0, 0x06A1, 0x06A2, 0x06A3,
        0x06A4, 0x06A5, 0x06A6, 0x06A7, 0x06A8, 0x06A9, 0x06AA, 0x06AB, 0x06AC, 0x06AD, 0x06AE, 0x06AF, 0x06B0, 0x06B1, 0x06B2, 0x035E, 0x035F,
        0x0360, 0x0361, 0x0362, 0x0363, 0x0364, 0x0365, 0x0366, 0x0367, 0x0368, 0x0369, 0x036A, 0x036B, 0x036C, 0x036D, 0x036E, 0x036F, 0x0370,
        0x0371, 0x0372, 0x0373, 0x0374, 0x0375, 0x0376, 0x0377, 0x0378, 0x0379, 0x037A, 0x037B, 0x037C, 0x037D, 0x037E, 0x037F, 0x0380, 0x0381,
        0x0382, 0x0383, 0x0000, 0x0000, 0x0384, 0x0385, 0x0386, 0x0387, 0x0388, 0x0389, 0x0000, 0x0000, 0x0FDB, 0x0000, 0x0000, 0x0000, 0x0000,
        0x0FDF, 0x0000, 0x0FE1, 0x0000, 0x0FE3, 0x0000, 0x0FE5, 0x0FE6, 0x0FE7, 0x0000, 0x0FE9, 0x0FEA, 0x0000, 0x0FEC, 0x0000, 0x0000, 0x0FEF,
        0x0000, 0x0FF1, 0x0000, 0x0FF3, 0x0000, 0x0FF5, 0x0000, 0x0FF7, 0x0000, 0x0FDA, 0x0FDB, 0x0000, 0x0FF8, 0x0000, 0x0000, 0x0FDF, 0x0FE0,
        0x0FE1, 0x0FE2, 0x0000, 0x0FE4, 0x0FE5, 0x0FE6, 0x0FE7, 0x0338, 0x0339, 0x033A, 0x033B, 0x033C, 0x033D, 0x033E, 0x033F, 0x0340, 0x0341,
        0x0000, 0x0000, 0x0000, 0x0000, 0x0000, 0x0000, 0x0342, 0x0343, 0x0344, 0x0345, 0x0346, 0x0347, 0x0348, 0x0349, 0x034A, 0x034B, 0x034C,
        0x034D, 0x034E, 0x034F, 0x0350, 0x0351, 0x0352, 0x0353, 0x0354, 0x0355, 0x0356, 0x0357, 0x0000, 0x0000, 0x0358, 0x0359, 0x035A, 0x035B,
        0x035C, 0x035D, 0x0000, 0x0000, 0x0EB7, 0x0EB8, 0x0EB9, 0x0EBA, 0x0EBB, 0x0EBC, 0x0000, 0x0000, 0x0EBD, 0x0EBE, 0x0EBF, 0x0EC0, 0x0EC1,
        0x0EC2, 0x0000, 0x0000, 0x0EC3, 0x0EC4, 0x0EC5, 0x0EC6, 0x0EC7, 0x0EC8, 0x0000, 0x0000, 0x0EC9, 0x0ECA, 0x0ECB, 0x0000, 0x0000, 0x0000,
        0x0ECC, 0x0ECD, 0x0ECE, 0x0ECF, 0x0ED0, 0x0ED1, 0x0ED2, 0x0000, 0x0ED3, 0x0ED4, 0x0ED5, 0x0ED6, 0x0ED7, 0x0ED8, 0x0ED9, 0x0000, 0x0D4C,
        0x0D4D, 0x0D4E, 0x0D4F, 0x0D50, 0x0000, 0x0000, 0x0D51, 0x0D52, 0x0426, 0x0426, 0x0426, 0x0426, 0x0D53, 0x0D53, 0x0D53, 0x0D54, 0x0D55,
        0x0D56, 0x0000, 0x0D57, 0x0D58, 0x0D59, 0x0D5A, 0x0D5B, 0x0D5C, 0x0D5D, 0x0D5E, 0x0D5F, 0x0D60, 0x0D61, 0x0D62, 0x0D63, 0x0D64, 0x0D65,
        0x0D66, 0x0D67, 0x0D68, 0x0D69, 0x0000, 0x0D6A, 0x0D6B, 0x0D6C, 0x0D6D, 0x0000, 0x0000, 0x0000, 0x0000, 0x01DA, 0x0000, 0x0000, 0x0000,
        0x0000, 0x0000, 0x0000, 0x0000, 0x0000, 0x0000, 0x01DB, 0x0000, 0x0000, 0x0000, 0x0000, 0x01DC, 0x0000, 0x0000, 0x0000, 0x0000, 0x01DD,
        0x0000, 0x0000, 0x0000, 0x0000, 0x01DE, 0x0000, 0x0000, 0x0000, 0x0000, 0x0000, 0x0000, 0x0000, 0x0000, 0x0000, 0x0000, 0x0000, 0x0000,
        0x01DF, 0x0000, 0x0000, 0x0000, 0x0000, 0x0000, 0x0000, 0x01E0, 0x0000, 0x0000, 0x0000, 0x0000, 0x0000, 0x0000, 0x0000, 0x0000, 0x0000,
        0x0000, 0x0000, 0x0000, 0x0000, 0x0000, 0x0000, 0x0000, 0x0000, 0x0000, 0x0000, 0x0000, 0x0000, 0x0000, 0x0000, 0x0000, 0x0000, 0x0000,
        0x0000, 0x0000, 0x0000, 0x0000, 0x0000, 0x0000, 0x0000, 0x0000, 0x0000, 0x0000, 0x0000, 0x0000, 0x0000, 0x0000, 0x0000, 0x019C, 0x0000,
        0x0000, 0x0000, 0x0000, 0x0000, 0x0000, 0x0998, 0x0A90, 0x0A4C, 0x0A91, 0x0A92, 0x0A93, 0x0A94, 0x0A95, 0x0A51, 0x0A96, 0x0A19, 0x0A97,
        0x0A52, 0x095F, 0x0A98, 0x0A53, 0x0A99, 0x0A55, 0x0A9A, 0x0A9B, 0x0A9C, 0x0A9D, 0x0A9E, 0x0A57, 0x0A15, 0x0A9F, 0x0A58, 0x0AA0, 0x0A59,
        0x0AA1, 0x090B, 0x0AA2, 0x0AA3, 0x0AA4, 0x0AA5, 0x0AA6, 0x0AA7, 0x0AA8, 0x0AA9, 0x0AAA, 0x0AAB, 0x0AAC, 0x0000, 0x0000, 0x0000, 0x0000,
        0x0000, 0x0000, 0x0B47, 0x0B48, 0x0B49, 0x0B4A, 0x0B4B, 0x0B4C, 0x0B4D, 0x0B4E, 0x0B4F, 0x0B50, 0x0B51, 0x0B52, 0x0B53, 0x0B54, 0x0B55,
        0x0B56, 0x0B57, 0x0B58, 0x0B59, 0x0B5A, 0x0B5B, 0x0B5C, 0x0B5D, 0x0B5E, 0x0B5F, 0x0B60, 0x0B61, 0x0B62, 0x0B63, 0x0B64, 0x0B65, 0x0B66,
        0x0B67, 0x0B68, 0x0B69, 0x0B6A, 0x0B6B, 0x0B6C, 0x0B6D, 0x0B6E, 0x0B6F, 0x0B70, 0x0B71, 0x0B72, 0x0B73, 0x042B, 0x042C, 0x0000, 0x0000,
        0x042D, 0x042E, 0x042F, 0x0430, 0x0431, 0x0432, 0x0433, 0x0434, 0x0435, 0x0436, 0x0437, 0x0438, 0x0439, 0x043A, 0x043B, 0x043C, 0x043D,
        0x043E, 0x043F, 0x0440, 0x0441, 0x0442, 0x0443, 0x0444, 0x0445, 0x0446, 0x0447, 0x0000, 0x0448, 0x0449, 0x044A, 0x044B, 0x044C, 0x044D,
        0x044E, 0x044F, 0x0450, 0x0451, 0x0452, 0x0453, 0x0454, 0x0000, 0x0000, 0x0000, 0x0AB3, 0x0AB4, 0x0AB5, 0x0AB6, 0x0AB7, 0x0000, 0x0000,
        0x0000, 0x0000, 0x0000, 0x0AB8, 0x0000, 0x0AB9, 0x0ABA, 0x0ABB, 0x0ABC, 0x0ABD, 0x0ABE, 0x0ABF, 0x0AC0, 0x0AC1, 0x0AC2, 0x0AC3, 0x0AC4,
        0x0AC5, 0x0AC6, 0x0AC7, 0x0AC8, 0x0AC9, 0x0ACA, 0x0ACB, 0x0ACC, 0x0ACD, 0x0ACE, 0x0ACF, 0x0AD0, 0x0000, 0x0AD1, 0x0AD2, 0x0AD3, 0x0AD4,
        0x0AD5, 0x0000, 0x0AD6, 0x0000, 0x045E, 0x0460, 0x047A, 0x0483, 0x0F5A, 0x0464, 0x0F5B, 0x0F5C, 0x0475, 0x0F5D, 0x0F5E, 0x0F5F, 0x0F60,
        0x0F61, 0x0F62, 0x0F63, 0x0F64, 0x0F65, 0x0F66, 0x0F67, 0x0F33, 0x0470, 0x0000, 0x0481, 0x0472, 0x0473, 0x0F34, 0x0000, 0x0000, 0x0F35,
        0x0F36, 0x0463, 0x0474, 0x0465, 0x0F37, 0x0467, 0x0468, 0x0000, 0x0F38, 0x0F39, 0x0F3A, 0x0F3B, 0x0F3C, 0x0F3D, 0x0F3E, 0x0000, 0x0F56,
        0x0F57, 0x0F58, 0x0482, 0x0471, 0x0F59, 0x045E, 0x0460, 0x047A, 0x0483, 0x0F5A, 0x0464, 0x0F5B, 0x0F5C, 0x0475, 0x0F5D, 0x0F5E, 0x0F5F,
        0x0F60, 0x0F61, 0x0F62, 0x0F63, 0x0F64, 0x0F65, 0x0F66, 0x0F67, 0x0F33, 0x0470, 0x0458, 0x0481, 0x0472, 0x0473, 0x0F34, 0x045F, 0x0462,
        0x0F35, 0x0F36, 0x0463, 0x0474, 0x0465, 0x0F37, 0x0467, 0x0468, 0x0469, 0x0F38, 0x0F39, 0x0F3A, 0x0F3B, 0x0F3C, 0x0F3D, 0x0F3E, 0x046D,
        0x0F56, 0x0F57, 0x0F58, 0x0482, 0x0471, 0x0F59, 0x045E, 0x0000, 0x047A, 0x0483, 0x0F5A, 0x0464, 0x0F5B, 0x0F5C, 0x0475, 0x0F5D, 0x0F5E,
        0x0F5F, 0x0F60, 0x0F61, 0x0F62, 0x0F63, 0x0F64, 0x0F65, 0x0F66, 0x0F67, 0x0F33, 0x0000, 0x0458, 0x0481, 0x0000, 0x0000, 0x0F34, 0x0000,
        0x0000, 0x0F35, 0x0F36, 0x0000, 0x0000, 0x0465, 0x0F37, 0x0467, 0x0468, 0x0000, 0x0F38, 0x0F39, 0x0F3A, 0x0F3B, 0x0F3C, 0x0F3D, 0x0F3E,
        0x046D, 0x0F56, 0x0F57, 0x0F58, 0x0482, 0x0000, 0x0F59, 0x0000, 0x0460, 0x047A, 0x0483, 0x0547, 0x0548, 0x0549, 0x054A, 0x054B, 0x054C,
        0x054D, 0x054E, 0x054F, 0x0550, 0x0551, 0x0552, 0x0553, 0x0554, 0x0555, 0x0556, 0x0557, 0x0558, 0x0559, 0x055A, 0x055B, 0x055C, 0x055D,
        0x055E, 0x055F, 0x0560, 0x0561, 0x0562, 0x0563, 0x0564, 0x0565, 0x0566, 0x0567, 0x0568, 0x0569, 0x056A, 0x056B, 0x056C, 0x056D, 0x056E,
        0x056F, 0x0570, 0x0571, 0x0000, 0x0000, 0x0000, 0x0000, 0x0000, 0x068D, 0x0000, 0x0000, 0x068E, 0x068F, 0x0690, 0x0691, 0x0000, 0x0000,
        0x0000, 0x0692, 0x0693, 0x0000, 0x0000, 0x0000, 0x0000, 0x0000, 0x0000, 0x0000, 0x0000, 0x0000, 0x0000, 0x0000, 0x0000, 0x0000, 0x0000,
        0x0000, 0x0000, 0x0000, 0x0000, 0x0000, 0x0000, 0x0000, 0x0000, 0x0000, 0x0000, 0x0000, 0x0000, 0x0000, 0x0000, 0x0000, 0x0000, 0x0000,
        0x0000, 0x0FD9, 0x0FDA, 0x0FDB, 0x0FDC, 0x0000, 0x0FDD, 0x0FDE, 0x0FDF, 0x0FE0, 0x0FE1, 0x0FE2, 0x0FE3, 0x0FE4, 0x0FE5, 0x0FE6, 0x0FE7,
        0x0402, 0x0403, 0x0404, 0x0148, 0x0405, 0x0406, 0x0407, 0x0408, 0x0409, 0x040A, 0x040B, 0x013F, 0x040C, 0x040D, 0x0138, 0x040E, 0x0000,
        0x0000, 0x040F, 0x0410, 0x0411, 0x0000, 0x0412, 0x0413, 0x0414, 0x013E, 0x0415, 0x0140, 0x0416, 0x0417, 0x0418, 0x0000, 0x0419, 0x041A,
        0x041B, 0x041B, 0x041B, 0x041B, 0x041B, 0x0001, 0x041B, 0x041B, 0x041B, 0x0000, 0x0000, 0x0000, 0x0000, 0x0000, 0x066F, 0x0000, 0x0000,
        0x0000, 0x0000, 0x0000, 0x0000, 0x0670, 0x0671, 0x0000, 0x0672, 0x0673, 0x0000, 0x0000, 0x0000, 0x0000, 0x0000, 0x0000, 0x0000, 0x0000,
        0x0000, 0x0000, 0x0000, 0x0000, 0x0674, 0x0000, 0x0675, 0x0000, 0x0676, 0x0000, 0x0677, 0x0000, 0x0678, 0x0000, 0x0679, 0x0000, 0x067A,
        0x0000, 0x067B, 0x0000, 0x067C, 0x0000, 0x067D, 0x0000, 0x01FF, 0x0200, 0x0201, 0x0003, 0x0202, 0x0203, 0x0204, 0x0205, 0x0206, 0x0207,
        0x0208, 0x0209, 0x020A, 0x020B, 0x0000, 0x020C, 0x020D, 0x020E, 0x000B, 0x020F, 0x0210, 0x0211, 0x0212, 0x0213, 0x0214, 0x0215, 0x0216,
        0x0217, 0x0218, 0x0219, 0x021A, 0x021B, 0x021C, 0x021D, 0x021E, 0x021F, 0x0220, 0x0221, 0x0222, 0x0223, 0x0224, 0x0225, 0x0226, 0x0000,
        0x0000, 0x0000, 0x0000, 0x0000, 0x04BE, 0x0000, 0x04BF, 0x0000, 0x0000, 0x0000, 0x0000, 0x0000, 0x04C0, 0x04C1, 0x0000, 0x04C2, 0x04C3,
        0x0000, 0x0000, 0x0000, 0x0000, 0x0000, 0x0000, 0x0000, 0x0000, 0x0000, 0x0000, 0x0000, 0x0000, 0x0000, 0x0000, 0x0000, 0x0000, 0x04C4,
        0x0000, 0x0000, 0x04C5, 0x0000, 0x0000, 0x04C6, 0x0000, 0x04C7, 0x0000, 0x0000, 0x0000, 0x0000, 0x0000, 0x0000, 0x0494, 0x0495, 0x0496,
        0x0497, 0x0498, 0x0499, 0x049A, 0x049B, 0x049C, 0x049D, 0x049E, 0x049F, 0x04A0, 0x04A1, 0x04A2, 0x04A3, 0x04A4, 0x04A5, 0x04A6, 0x04A7,
        0x04A8, 0x04A9, 0x04AA, 0x04AB, 0x04AC, 0x04AD, 0x04AE, 0x04AF, 0x04B0, 0x04B1, 0x04B2, 0x04B3, 0x0000, 0x0000, 0x0000, 0x0000, 0x0000,
        0x0000, 0x0000, 0x0000, 0x0000, 0x04B4, 0x0000, 0x0000, 0x0000, 0x0000, 0x0000, 0x0000, 0x01E2, 0x0000, 0x01E3, 0x0000, 0x01E4, 0x0000,
        0x01E5, 0x0000, 0x01E6, 0x0000, 0x0000, 0x0000, 0x01E7, 0x0000, 0x0000, 0x0000, 0x0000, 0x0000, 0x0000, 0x0000, 0x0000, 0x0000, 0x0000,
        0x0000, 0x0000, 0x0000, 0x0000, 0x0000, 0x0000, 0x0000, 0x0000, 0x0000, 0x0000, 0x0000, 0x0000, 0x0000, 0x0000, 0x0000, 0x0000, 0x0000,
        0x0000, 0x0000, 0x0576, 0x0000, 0x0000, 0x0000, 0x0000, 0x0000, 0x0000, 0x0000, 0x0000, 0x0000, 0x0000, 0x0000, 0x0000, 0x0000, 0x0000,
        0x0000, 0x0000, 0x0000, 0x0000, 0x0000, 0x01E8, 0x0000, 0x01E9, 0x0000, 0x0000, 0x01EA, 0x01EB, 0x0000, 0x01EC, 0x0000, 0x0000, 0x0000,
        0x0000, 0x0000, 0x0000, 0x0000, 0x0000, 0x0000, 0x0000, 0x0000, 0x0000, 0x0000, 0x0000, 0x0000, 0x0000, 0x0000, 0x0000, 0x0000, 0x0000,
        0x0000, 0x0000, 0x0000, 0x0000, 0x0000, 0x0000, 0x0000, 0x0000, 0x08F6, 0x08F7, 0x0000, 0x0000, 0x0000, 0x0000, 0x0000, 0x0000, 0x0000,
        0x0000, 0x0000, 0x0000, 0x0000, 0x0000, 0x0000, 0x0000, 0x0000, 0x0000, 0x0000, 0x0000, 0x0126, 0x0127, 0x0128, 0x0129, 0x012A, 0x012B,
        0x0000, 0x0000, 0x012C, 0x012D, 0x012E, 0x012F, 0x0130, 0x0000, 0x0000, 0x0000, 0x0000, 0x0000, 0x0000, 0x0000, 0x0000, 0x0000, 0x0000,
        0x0000, 0x0000, 0x0000, 0x0000, 0x0000, 0x0000, 0x0000, 0x0000, 0x0000, 0x0000, 0x0000, 0x0000, 0x0000, 0x0000, 0x0000, 0x0000, 0x0000,
        0x0163, 0x0000, 0x0000, 0x0000, 0x0000, 0x0000, 0x0000, 0x0000, 0x0000, 0x0000, 0x0000, 0x0000, 0x0000, 0x0000, 0x0000, 0x0000, 0x0000,
        0x0000, 0x0000, 0x0000, 0x0000, 0x0000, 0x0000, 0x01A7, 0x01A8, 0x0000, 0x0000, 0x0000, 0x0000, 0x0000, 0x0000, 0x0000, 0x0000, 0x0000,
        0x0000, 0x0000, 0x0000, 0x0000, 0x0000, 0x0000, 0x01A9, 0x01AA, 0x0000, 0x01AB, 0x0000, 0x0000, 0x0000, 0x0000, 0x0000, 0x0000, 0x0000,
        0x0000, 0x0000, 0x0000, 0x0000, 0x0000, 0x0000, 0x0000, 0x0000, 0x0000, 0x0001, 0x0000, 0x0000, 0x0000, 0x0000, 0x0000, 0x0000, 0x0000,
        0x0002, 0x0000, 0x0003, 0x0000, 0x0000, 0x0000, 0x0000, 0x0004, 0x0000, 0x0000, 0x0005, 0x0006, 0x0007, 0x0008, 0x0000, 0x0000, 0x0009,
        0x000A, 0x000B, 0x0000, 0x000C, 0x000D, 0x000E, 0x0000
    };

    // 446 bytes
    inline constexpr std::array<std::uint16_t, 223> stage2_offsets{
        0x0000, 0x0008, 0x0010, 0x0014, 0x0018, 0x001C, 0x0020, 0x0024, 0x004E, 0x006B, 0x007F, 0x00AF, 0x00D9, 0x0109, 0x0125, 0x0141,
        0x0167, 0x017F, 0x01A5, 0x01B1, 0x01DA, 0x01FA, 0x022A, 0x023A, 0x025E, 0x026C, 0x0294, 0x02B3, 0x02E3, 0x0307, 0x0314, 0x033C,
        0x0345, 0x0375, 0x039D, 0x03CD, 0x03EE, 0x03FE, 0x0425, 0x044A, 0x0456, 0x0486, 0x04A6, 0x04BF, 0x04E6, 0x0509, 0x0519, 0x0549,
        0x0569, 0x0580, 0x05A7, 0x05B6, 0x05E6, 0x0605, 0x0622, 0x0649, 0x0653, 0x0683, 0x06A9, 0x06AF, 0x06B9, 0x06E9, 0x06F5, 0x071A,
        0x0727, 0x0757, 0x076B, 0x078F, 0x079F, 0x07CF, 0x07F3, 0x0800, 0x0830, 0x0842, 0x0862, 0x087F, 0x08AF, 0x08CF, 0x08FF, 0x091E,
        0x094E, 0x096B, 0x099B, 0x09AB, 0x09DB, 0x09E9, 0x0A19, 0x0A21, 0x0A2B, 0x0A35, 0x0A3F, 0x0A49, 0x0A79, 0x0A7F, 0x0AAF, 0x0AB4,
        0x0AE4, 0x0AE5, 0x0AE9, 0x0B19, 0x0B1B, 0x0B4B, 0x0B4D, 0x0B7D, 0x0BAD, 0x0BCB, 0x0BFB, 0x0C2B, 0x0C5B, 0x0C8B, 0x0CBB, 0x0CEB,
        0x0D1B, 0x0D4B, 0x0D7B, 0x0DAB, 0x0DDB, 0x0E0B, 0x0E3B, 0x0E6B, 0x0E9B, 0x0ECB, 0x0EFB, 0x0F2B, 0x0F5B, 0x0F8B, 0x0FBB, 0x0FEB,
        0x101B, 0x104B, 0x107B, 0x10AB, 0x10DB, 0x110B, 0x113B, 0x116B, 0x119B, 0x11CB, 0x11FB, 0x122B, 0x125B, 0x128B, 0x12BB, 0x12EB,
        0x131B, 0x134B, 0x137B, 0x13AB, 0x13DB, 0x140B, 0x143B, 0x146B, 0x149B, 0x14CB, 0x14FB, 0x152B, 0x155B, 0x158B, 0x15BB, 0x15EB,
        0x161B, 0x164B, 0x167B, 0x16AB, 0x16DB, 0x170B, 0x173B, 0x176B, 0x179B, 0x17CB, 0x17FB, 0x182B, 0x185B, 0x188B, 0x18BB, 0x18EB,
        0x191A, 0x1949, 0x1979, 0x19A8, 0x19C5, 0x19E1, 0x1A11, 0x1A40, 0x1A70, 0x1A9F, 0x1ACF, 0x1AFD, 0x1B18, 0x1B3E, 0x1B5D, 0x1B8D,
        0x1BBB, 0x1BEB, 0x1C19, 0x1C49, 0x1C76, 0x1CA0, 0x1CA7, 0x1CD7, 0x1D04, 0x1D34, 0x1D61, 0x1D91, 0x1DBD, 0x1DD5, 0x1E01, 0x1E31,
        0x1E5D, 0x1E6D, 0x1E9D, 0x1EC9, 0x1EF9, 0x1F25, 0x1F55, 0x1F7F, 0x1F93, 0x1FB8, 0x1FCC, 0x1FF4, 0x200B, 0x2030, 0x2050
    };

    // 37'592 bytes
    inline constexpr std::array<std::uint64_t, 4699> stage3{
        0x0000000000000000, 0x0000008200000000, 0x0000040400680000, 0x0000020208200000, 0x0000040400280000, 0x0000020203D80000, 0x0000020203F80000,
        0x0000040400080000, 0x000004025DE00000, 0x0000040401900000, 0x0000020203780000, 0x0000020209700000, 0x000003C615A00000, 0x000003C615700000,
        0x000003C619200000, 0x000000041BE0837C, 0x000000041BF0837E, 0x000000041C008380, 0x000000041C70838E, 0x000000041D2883A5, 0x000000041D6083AC,
        0x000000041ED883DB, 0x000000041FE083FC, 0x000000041FF083FE, 0x0000000420008400, 0x0000000420E0841C, 0x0000000423A08474, 0x0000000423B08476,
        0x0000000423C08478, 0x0000000424108482, 0x00000004271884E3, 0x00000004278884F1, 0x00000004279884F3, 0x0000000427A884F5, 0x0000000428188503,
        0x0000000428E8851D, 0x000000042D0085A0, 0x000000042D1085A2, 0x000000042D2085A4, 0x000000042D9085B2, 0x0000000430808610, 0x0000000431E0863C,
        0x0000000431F0863E, 0x0000000432008640, 0x000000043270864E, 0x0000000433288665, 0x000000043360866C, 0x00000004354886A9, 0x00000004369086D2,
        0x0000000436A086D4, 0x0000000436B086D6, 0x00000004379086F2, 0x000000043A58874B, 0x000000043A68874D, 0x000000043A78874F, 0x000000043AB88757,
        0x000000043F4887E9, 0x000000043FC887F9, 0x000000043FD887FB, 0x000000043FE887FD, 0x000000044058880B, 0x0000000441288825, 0x00000004456888AD,
        0x00000004457888AF, 0x00000004458888B1, 0x0000000445F888BF, 0x0000000448B08916, 0x0000000449008920, 0x000000041C808390, 0x0000000432808650,
        0x000000041C908392, 0x0000000432908652, 0x000000041E0883C1, 0x0000000434088681, 0x000000041E9883D3, 0x00000004350886A1, 0x000000041EA883D5,
        0x00000004351886A3, 0x000000041EB883D7, 0x00000004352886A5, 0x000000041EC883D9, 0x00000004353886A7, 0x000000041F9083F2, 0x00000004361886C3,
        0x0000000420808410, 0x00000004373086E6, 0x0000000420C08418, 0x00000004377086EE, 0x0000000420D0841A, 0x00000004378086F0, 0x0000000421808430,
        0x0000000438308706, 0x0000000421008420, 0x0000000437B086F6, 0x0000000422388447, 0x0000000438E8871D, 0x000000042258844B, 0x0000000439088721,
        0x000000042268844D, 0x0000000439188723, 0x0000000422888451, 0x0000000439388727, 0x0000000422C88459, 0x000000043970872E, 0x0000000423D0847A,
        0x000000043A888751, 0x0000000423E0847C, 0x000000043A988753, 0x0000000423F0847E, 0x000000043AA88755, 0x0000000424888491, 0x000000043B308766,
        0x0000000424008480, 0x0000040423600000, 0x000004043A180000, 0x0000000424A88495, 0x000000043B50876A, 0x00000004251884A3, 0x000000043C808790,
        0x00000004258084B0, 0x000000043D1887A3, 0x0000000425C884B9, 0x000000043D6087AC, 0x00000004259084B2, 0x000000043D2887A5, 0x0000040425700000,
        0x000004043D080000, 0x00000004270884E1, 0x000000043F3887E7, 0x00000004275884EB, 0x000000043F8887F1, 0x00000004273884E7, 0x000000043F6887ED,
        0x000004044DC00000, 0x000000042870850E, 0x0000000440B08816, 0x0000000428B08516, 0x0000000440F0881E, 0x0000000429208524, 0x000000044160882C,
        0x000000042AC08558, 0x0000000443888871, 0x000000042B388567, 0x0000000444008880, 0x000000042AE0855C, 0x0000000443A88875, 0x000000042B988573,
        0x0000000444308886, 0x000000042BC08578, 0x000000044458888B, 0x000000042C408588, 0x0000000444D8889B, 0x000000042BE0857C, 0x000000044478888F,
        0x000000042CD0859A, 0x00000004453888A7, 0x000000042CA08594, 0x00000004450888A1, 0x000000042D3085A6, 0x00000004459888B3, 0x000000042D5885AB,
        0x0000000445C088B8, 0x000000042D8085B0, 0x0000000445E888BD, 0x000000042E1085C2, 0x00000004467888CF, 0x000000042E2085C4, 0x00000004468888D1,
        0x000000042F0885E1, 0x00000004477088EE, 0x000000042FF885FF, 0x0000000448188903, 0x0000000430908612, 0x0000000448C08918, 0x0000000430D0861A,
        0x0000000431008620, 0x0000000449408928, 0x0000000431208624, 0x000000044960892C, 0x000000041F4883E9, 0x000000041F7083EE, 0x0000040209D00000,
        0x000000042960852C, 0x0000000441A08834, 0x000000042E6085CC, 0x0000000446C888D9, 0x000004061F400000, 0x000004061F680000, 0x0000040635F00000,
        0x0000040425380000, 0x0000040425600000, 0x000004043CB00000, 0x0000040426C80000, 0x0000040426D80000, 0x000004043EF80000, 0x000000041D8883B1,
        0x0000000433888671, 0x0000000424488489, 0x000000043AF0875E, 0x0000000429308526, 0x000000044170882E, 0x000000042E3085C6, 0x00000004469888D3,
        0x000000062DD0C5BA, 0x000000064638C8C7, 0x000000062DB8C5B7, 0x000000064620C8C4, 0x000000062DE8C5BD, 0x000000064650C8CA, 0x000000062DA0C5B4,
        0x000000064608C8C1, 0x000000061D38C3A7, 0x000000063338C667, 0x000000061D10C3A2, 0x000000063310C662, 0x000000044A488949, 0x000000044A808950,
        0x000000042278844F, 0x0000000439288725, 0x0000000424F8849F, 0x000000043C60878C, 0x000000042A108542, 0x000000044250884A, 0x000000062A20C544,
        0x000000064260C84C, 0x000000044B008960, 0x000000044D1889A3, 0x000000043B60876C, 0x000004041F300000, 0x000004041F580000, 0x0000040435E00000,
        0x0000000422288445, 0x0000000438D8871B, 0x0000000426F884DF, 0x000000043F2887E5, 0x000000061D70C3AE, 0x000000063370C66E, 0x000000044A388947,
        0x000000044A70894E, 0x000000044A58894B, 0x000000044AA08954, 0x000000041D9883B3, 0x0000000433988673, 0x000000041DA883B5, 0x0000000433A88675,
        0x0000000421108422, 0x0000000437C086F8, 0x0000000421208424, 0x0000000437D086FA, 0x000000042458848B, 0x000000043B008760, 0x000000042468848D,
        0x000000043B108762, 0x0000000429408528, 0x0000000441808830, 0x000000042950852A, 0x0000000441908832, 0x000000042AF0855E, 0x0000000443B88877,
        0x000000042B008560, 0x0000000443C88879, 0x000000042E4085C8, 0x0000000446A888D5, 0x000000042E5085CA, 0x0000000446B888D7, 0x000000042C308586,
        0x0000000444C88899, 0x000000042CC08598, 0x00000004452888A5, 0x0000000422F8845F, 0x0000000439A08734, 0x000000041D0083A0, 0x0000000433008660,
        0x000000042158842B, 0x0000000438088701, 0x0000000628F8C51F, 0x000000064138C827, 0x000000062840C508, 0x000000064080C810, 0x0000000428C08518,
        0x0000000441008820, 0x0000000628D0C51A, 0x000000064110C822, 0x0000000430B08616, 0x0000000448E0891C, 0x0000020208C80000, 0x000002024BD80000,
        0x0000020208F80000, 0x0000020209B80000, 0x000002024C700000, 0x000002024C800000, 0x000002024CA00000, 0x000002020A300000, 0x000002020A600000,
        0x0000040400480000, 0x0000040400580000, 0x0000040400C00000, 0x0000040401A00000, 0x0000040400180000, 0x0000040400D00000, 0x000002024BC00000,
        0x0000020209280000, 0x0000020209D00000, 0x000002020A480000, 0x000002024D280000, 0x0000000200884011, 0x0000000200104002, 0x0000000200E8401D,
        0x0000000400988013, 0x000000024DB849B7, 0x0000040401D00000, 0x000000021B384367, 0x000000060090893C, 0x000000044DF889BF, 0x00000002257844AF,
        0x0000000450088A01, 0x0000000450B88A17, 0x0000000452988A53, 0x0000000453C88A79, 0x0000000454A08A94, 0x0000000455608AAC, 0x000000065CE0CB9C,
        0x0000000452C88A59, 0x0000000454D08A9A, 0x0000000457508AEA, 0x0000000459A08B34, 0x000000045A688B4D, 0x000000045C888B91, 0x000000065FD8CBFB,
        0x000000045CB88B97, 0x000000045FB08BF6, 0x000000045E908BD2, 0x000000045F808BF0, 0x0000000461108C22, 0x0000040259700000, 0x000004025C680000,
        0x0000040254880000, 0x0000000454A08C62, 0x0000000454D08C64, 0x0000040260C80000, 0x000004025F200000, 0x000004025DD00000, 0x000004025F280000,
        0x000004025F500000, 0x0000040252780000, 0x0000040259880000, 0x0000040254780000, 0x0000000463808C70, 0x0000000463A08C74, 0x0000000463708C6E,
        0x0000000463408C68, 0x0000000464208C84, 0x0000000463E08C7C, 0x0000000464508C8A, 0x0000000464008C80, 0x0000000465A88CB5, 0x0000000465108CA2,
        0x0000000465308CA6, 0x0000000464F08C9E, 0x0000000467088CE1, 0x0000000465D08CBA, 0x0000000465888CB1, 0x0000000466488CC9, 0x0000000467288CE5,
        0x0000000467388CE7, 0x0000000463B08C76, 0x0000000465488CA9, 0x0000000463508C6A, 0x0000000464B88C97, 0x0000000463608C6C, 0x0000000464C88C99,
        0x0000000463908C72, 0x0000000465208CA4, 0x0000000467708CEE, 0x0000000467888CF1, 0x0000000463C08C78, 0x0000000465588CAB, 0x0000000463D08C7A,
        0x0000000465708CAE, 0x0000000463F08C7E, 0x0000000465988CB3, 0x0000000464108C82, 0x0000000465B88CB7, 0x0000000464308C86, 0x0000000466008CC0,
        0x0000000467988CF3, 0x0000000467B08CF6, 0x0000000464A08C94, 0x0000000466E08CDC, 0x0000000464408C88, 0x0000000466388CC7, 0x0000000464608C8C,
        0x0000000466588CCB, 0x0000000464708C8E, 0x0000000466688CCD, 0x0000000464808C90, 0x0000000466988CD3, 0x0000000464908C92, 0x0000000466C08CD8,
        0x0000040467C00000, 0x000000046B108D62, 0x000000046B208D64, 0x000000047D688FAD, 0x000000046B308D66, 0x000000047E108FC2, 0x000004046B400000,
        0x000004047D780000, 0x0000040480C00000, 0x000004047FA00000, 0x0000000480F0901E, 0x0000000480A89015, 0x0000000480E0901C, 0x000000048160902C,
        0x0000000481909032, 0x0000000481A09034, 0x0000000481009020, 0x0000000481109022, 0x0000000481209024, 0x0000000481309026, 0x0000000481409028,
        0x000000048150902A, 0x000000048170902E, 0x0000000481809030, 0x0000000481E0903C, 0x0000000481F0903E, 0x0000000481B09036, 0x0000000481C09038,
        0x0000000481D0903A, 0x0000000482409048, 0x000000048250904A, 0x0000000482009040, 0x0000000482109042, 0x0000000482209044, 0x0000000482309046,
        0x0000000482909052, 0x0000000482809050, 0x0000000482A09054, 0x000000048260904C, 0x000000048270904E, 0x0000000482B09056, 0x0000000482C09058,
        0x0000000482E0905C, 0x0000000482D0905A, 0x0000000482F0905E, 0x0000000483009060, 0x0000000483389067, 0x0000000483489069, 0x0000000483109062,
        0x000000068320D064, 0x000000048358906B, 0x000000048378906F, 0x000000048368906D, 0x0000000483889071, 0x0000000483989073, 0x0000000683A8D075,
        0x0000000483C09078, 0x0000040483D00000, 0x0000040484000000, 0x0000040483E00000, 0x0000040483F00000, 0x0000008284100000, 0x0000000484289085,
        0x0000000484389087, 0x0000000484489089, 0x000000048458908B, 0x000000048468908D, 0x0000000484189083, 0x000000048478908F, 0x0000000484889091,
        0x00000004852090A4, 0x0000040685080000, 0x00000004854890A9, 0x0000040685300000, 0x0000000484989093, 0x0000000484B89097, 0x0000000484C89099,
        0x0000000484D8909B, 0x0000000484E8909D, 0x0000000484F8909F, 0x0000000484A89095, 0x00000004855890AB, 0x0000020285680000, 0x0000000488209104,
        0x0000000488309106, 0x0000000488409108, 0x000000048850910A, 0x000000048860910C, 0x000000048870910E, 0x0000000488809110, 0x0000000488909112,
        0x0000000488A09114, 0x0000000488B09116, 0x0000000488C09118, 0x0000020205B00000, 0x000002024A300000, 0x0000020205C80000, 0x0000020205F80000,
        0x0000020206100000, 0x000002024AE80000, 0x0000020206400000, 0x0000020206580000, 0x0000020206700000, 0x0000020206880000, 0x0000020206A00000,
        0x0000020206B80000, 0x0000020206D00000, 0x0000020206E80000, 0x0000020207000000, 0x000002024B280000, 0x0000020207180000, 0x0000020207480000,
        0x0000020207780000, 0x0000020207900000, 0x0000020207C00000, 0x000002024B380000, 0x000002024B400000, 0x0000020288D00000, 0x0000020208380000,
        0x0000020208680000, 0x0000020208800000, 0x000002024B800000, 0x000002024B880000, 0x000002024B900000, 0x0000020208B00000, 0x0000020209100000,
        0x0000020209400000, 0x000002024AC80000, 0x000002024B580000, 0x0000020288D80000, 0x0000020288E00000, 0x0000020209880000, 0x0000020209E80000,
        0x000002020A000000, 0x0000020288F00000, 0x000002024C200000, 0x000002020A180000, 0x0000020288F80000, 0x0000020259700000, 0x0000020259780000,
        0x0000020259800000, 0x0000020260C80000, 0x0000020260D00000, 0x0000024208E00000, 0x0000024209B80000, 0x000002420A000000, 0x000002420A180000,
        0x0000024259700000, 0x0000024259780000, 0x000002425F280000, 0x0000024260C80000, 0x0000024260D00000, 0x0000020265F00000, 0x000002024B480000,
        0x0000020208500000, 0x000002024B600000, 0x000002024A900000, 0x0000020208980000, 0x000002024BA00000, 0x000002024BB00000, 0x000002024BD00000,
        0x000002024BE80000, 0x000002024BF00000, 0x000002024BF80000, 0x0000020289000000, 0x000002024D500000, 0x000002024C100000, 0x0000020289080000,
        0x000002024D580000, 0x000002024C300000, 0x000002024C280000, 0x000002024C380000, 0x000002024C400000, 0x000002024C480000, 0x000002024C500000,
        0x000002024C680000, 0x000002024CA80000, 0x000002024CB00000, 0x000002024AF80000, 0x000002024CC80000, 0x000002024CD00000, 0x0000020288E80000,
        0x000002024CD80000, 0x000002024CE00000, 0x000002020A780000, 0x000002024D000000, 0x000002024D080000, 0x000002024D100000, 0x000002025C680000,
        0x000000041DF883BF, 0x0000000433F8867F, 0x000000041E4083C8, 0x0000000434308686, 0x000000041E5083CA, 0x0000000434408688, 0x000000041E6083CC,
        0x000000043450868A, 0x000000061EE8C3DD, 0x000000063558C6AB, 0x000000041F8083F0, 0x00000004360886C1, 0x000000041FA083F4, 0x00000004362886C5,
        0x000000041FD083FA, 0x00000004365886CB, 0x000000041FB083F6, 0x00000004363886C7, 0x000000041FC083F8, 0x00000004364886C9, 0x000000062090C412,
        0x000000063740C6E8, 0x0000000620A8C415, 0x000000063758C6EB, 0x0000000421908432, 0x0000000438408708, 0x0000000421A08434, 0x000000043850870A,
        0x000000062168C42D, 0x000000063818C703, 0x0000000421C88439, 0x0000000438B08716, 0x0000000422488449, 0x0000000438F8871F, 0x0000000422D8845B,
        0x0000000439808730, 0x0000000423088461, 0x0000000439B08736, 0x0000000422E8845D, 0x0000000439908732, 0x0000000423188463, 0x0000000439C08738,
        0x0000000423288465, 0x0000000439D0873A, 0x0000000424988493, 0x000000043B408768, 0x000000062420C484, 0x000000063AC8C759, 0x0000000424E8849D,
        0x000000043C50878A, 0x00000004250884A1, 0x000000043C70878E, 0x00000004252884A5, 0x000000043C908792, 0x0000000425A084B4, 0x000000043D3887A7,
        0x0000000625B0C4B6, 0x000000063D48C7A9, 0x0000000425E884BD, 0x000000043D8087B0, 0x0000000425D884BB, 0x000000043D7087AE, 0x00000004268884D1,
        0x000000043E5087CA, 0x00000004269884D3, 0x000000043E6087CC, 0x0000000426A884D5, 0x000000043E7087CE, 0x00000004272884E5, 0x000000043F5887EB,
        0x00000004274884E9, 0x000000043F7887EF, 0x00000004277884EF, 0x000000043FA887F5, 0x00000004276884ED, 0x000000043F9887F3, 0x000000062828C505,
        0x000000064068C80D, 0x000000062858C50B, 0x000000064098C813, 0x000000062880C510, 0x0000000640C0C818, 0x000000062898C513, 0x0000000640D8C81B,
        0x000000042A908552, 0x0000000442F8885F, 0x000000042AA08554, 0x0000000443088861, 0x000000042AD0855A, 0x0000000443988873, 0x000000042B108562,
        0x0000000443D8887B, 0x000000062B20C564, 0x0000000643E8C87D, 0x000000042B488569, 0x0000000444108882, 0x000000042BD0857A, 0x000000044468888D,
        0x000000042C088581, 0x0000000444A08894, 0x000000062BA8C575, 0x000000064440C888, 0x000000062BF0C57E, 0x000000064488C891, 0x000000062C18C583,
        0x0000000644B0C896, 0x000000042C908592, 0x0000000444E8889D, 0x000000042CB08596, 0x00000004451888A3, 0x000000042CF0859E, 0x00000004455888AB,
        0x000000042CE0859C, 0x00000004454888A9, 0x000000042EF885DF, 0x00000004476088EC, 0x000000042F2885E5, 0x00000004479088F2, 0x000000042F1885E3,
        0x00000004478088F0, 0x000000062D40C5A8, 0x0000000645A8C8B5, 0x000000062D68C5AD, 0x0000000645D0C8BA, 0x000000042F7085EE, 0x0000000447D888FB,
        0x000000042F8085F0, 0x0000000447E888FD, 0x000000042FD885FB, 0x0000000447F888FF, 0x000000042FE885FD, 0x0000000448088901, 0x0000000430188603,
        0x0000000448388907, 0x0000000430088601, 0x0000000448288905, 0x0000000430288605, 0x000000044858890B, 0x000000043050860A, 0x0000000448808910,
        0x000000043060860C, 0x0000000448908912, 0x0000000430C08618, 0x0000000448F0891E, 0x0000000431108622, 0x000000044950892A, 0x0000000431308626,
        0x000000044970892E, 0x0000000431408628, 0x0000000449808930, 0x0000000439E0873C, 0x0000000444F8889F, 0x0000000448488909, 0x0000000449208924,
        0x0000040431D00000, 0x000000044468895B, 0x000000041DB883B7, 0x0000000433B88677, 0x000000041D5083AA, 0x000000043350866A, 0x000000061C28C385,
        0x000000063228C645, 0x000000061C10C382, 0x000000063210C642, 0x000000061C58C38B, 0x000000063258C64B, 0x000000061C40C388, 0x000000063240C648,
        0x000000061DC8C3B9, 0x0000000633C8C679, 0x000000061CB8C397, 0x0000000632B8C657, 0x000000061CA0C394, 0x0000000632A0C654, 0x000000061CE8C39D,
        0x0000000632E8C65D, 0x000000061CD0C39A, 0x0000000632D0C65A, 0x000000061DE0C3BC, 0x0000000633E0C67C, 0x0000000421308426, 0x0000000437E086FC,
        0x0000000420F0841E, 0x0000000437A086F4, 0x000000042070840E, 0x00000004372086E4, 0x000000062028C405, 0x0000000636D8C6DB, 0x000000062010C402,
        0x0000000636C0C6D8, 0x000000062058C40B, 0x000000063708C6E1, 0x000000062040C408, 0x0000000636F0C6DE, 0x000000062140C428, 0x0000000637F0C6FE,
        0x0000000424388487, 0x000000043AE0875C, 0x000000042478848F, 0x000000043B208764, 0x0000000429E8853D, 0x0000000442288845, 0x0000000429108522,
        0x000000044150882A, 0x0000000627D0C4FA, 0x000000064010C802, 0x0000000627B8C4F7, 0x000000063FF8C7FF, 0x000000062800C500, 0x000000064040C808,
        0x0000000627E8C4FD, 0x000000064028C805, 0x0000000629F8C53F, 0x000000064238C847, 0x000000062988C531, 0x0000000641C8C839, 0x000000062970C52E,
        0x0000000641B0C836, 0x0000000629B8C537, 0x0000000641F8C83F, 0x0000000629A0C534, 0x0000000641E0C83C, 0x0000000629D0C53A, 0x000000064210C842,
        0x000000042EE885DD, 0x00000004475088EA, 0x000000042E0085C0, 0x00000004466888CD, 0x000000062E88C5D1, 0x0000000646F0C8DE, 0x000000062E70C5CE,
        0x0000000646D8C8DB, 0x000000062EB8C5D7, 0x000000064720C8E4, 0x000000062EA0C5D4, 0x000000064708C8E1, 0x000000062ED0C5DA, 0x000000064738C8E7,
        0x000000043070860E, 0x0000000448A08914, 0x0000000430F0861E, 0x0000000449308926, 0x0000000430E0861C, 0x0000000449108922, 0x0000000430A08614,
        0x0000000448D0891A, 0x0000000457988AF3, 0x0000000458688B0D, 0x0000000657A8CAF5, 0x000000065878CB0F, 0x0000000657E0CAFC, 0x0000000658B0CB16,
        0x000000065818CB03, 0x0000000658E8CB1D, 0x000000044E2889C5, 0x000000044EF889DF, 0x000000064E38C9C7, 0x000000064F08C9E1, 0x000000064E70C9CE,
        0x000000064F40C9E8, 0x000000064EA8C9D5, 0x000000064F78C9EF, 0x0000000459B08B36, 0x0000000459F08B3E, 0x0000000659C0CB38, 0x000000065A00CB40,
        0x0000000659D8CB3B, 0x000000065A18CB43, 0x0000000450188A03, 0x0000000450588A0B, 0x000000065028CA05, 0x000000065068CA0D, 0x000000065040CA08,
        0x000000065080CA10, 0x000000045A908B52, 0x000000045B608B6C, 0x000000065AA0CB54, 0x000000065B70CB6E, 0x000000065AD8CB5B, 0x000000065BA8CB75,
        0x000000065B10CB62, 0x000000065BE0CB7C, 0x0000000450C88A19, 0x0000000451988A33, 0x0000000650D8CA1B, 0x0000000651A8CA35, 0x000000065110CA22,
        0x0000000651E0CA3C, 0x000000065148CA29, 0x000000065218CA43, 0x000000045D108BA2, 0x000000045D688BAD, 0x000000065D20CBA4, 0x000000065D78CBAF,
        0x000000065D38CBA7, 0x000000065D90CBB2, 0x000000065D50CBAA, 0x000000065DA8CBB5, 0x0000000452D88A5B, 0x0000000453308A66, 0x0000000652E8CA5D,
        0x000000065340CA68, 0x000000065300CA60, 0x000000065358CA6B, 0x000000065318CA63, 0x000000065370CA6E, 0x000000045EA08BD4, 0x000000045EE08BDC,
        0x000000065EB0CBD6, 0x000000065EF0CBDE, 0x000000065EC8CBD9, 0x000000065F08CBE1, 0x0000000453D88A7B, 0x0000000454188A83, 0x0000000653E8CA7D,
        0x000000065428CA85, 0x000000065400CA80, 0x000000065440CA88, 0x0000000460088C01, 0x0000000460608C0C, 0x000000066018CC03, 0x000000066070CC0E,
        0x000000066030CC06, 0x000000066088CC11, 0x000000066048CC09, 0x0000000660A0CC14, 0x0000000454E08A9C, 0x0000000654F0CA9E, 0x000000065508CAA1,
        0x000000065520CAA4, 0x0000000461388C27, 0x0000000462088C41, 0x000000066148CC29, 0x000000066218CC43, 0x000000066180CC30, 0x000000066250CC4A,
        0x0000000661B8CC37, 0x000000066288CC51, 0x0000000455708AAE, 0x0000000456408AC8, 0x000000065580CAB0, 0x000000065650CACA, 0x0000000655B8CAB7,
        0x000000065688CAD1, 0x0000000655F0CABE, 0x0000000656C0CAD8, 0x0000000457288AE5, 0x0000000459908B32, 0x000000045A408B48, 0x000000045C788B8F,
        0x000000045E808BD0, 0x000000045F708BEE, 0x0000000460E88C1D, 0x000000065850CB0A, 0x000000065920CB24, 0x0000000857C10AF8, 0x0000000858910B12,
        0x0000000857F90AFF, 0x0000000858C90B19, 0x0000000858310B06, 0x0000000859010B20, 0x000000064EE0C9DC, 0x000000064FB0C9F6, 0x000000084E5109CA,
        0x000000084F2109E4, 0x000000084E8909D1, 0x000000084F5909EB, 0x000000084EC109D8, 0x000000084F9109F2, 0x000000065B48CB69, 0x000000065C18CB83,
        0x000000085AB90B57, 0x000000085B890B71, 0x000000085AF10B5E, 0x000000085BC10B78, 0x000000085B290B65, 0x000000085BF90B7F, 0x000000065180CA30,
        0x000000065250CA4A, 0x0000000850F10A1E, 0x0000000851C10A38, 0x0000000851290A25, 0x0000000851F90A3F, 0x0000000851610A2C, 0x0000000852310A46,
        0x0000000661F0CC3E, 0x0000000662C0CC58, 0x0000000861610C2C, 0x0000000862310C46, 0x0000000861990C33, 0x0000000862690C4D, 0x0000000861D10C3A,
        0x0000000862A10C54, 0x000000065628CAC5, 0x0000000656F8CADF, 0x0000000855990AB3, 0x0000000856690ACD, 0x0000000855D10ABA, 0x0000000856A10AD4,
        0x0000000856090AC1, 0x0000000856D90ADB, 0x0000000457888AF1, 0x0000000457788AEF, 0x000000065738CAE7, 0x0000000459608B2C, 0x000000065760CAEC,
        0x0000000459388B27, 0x000000065948CB29, 0x000000044E1889C3, 0x000000044E0889C1, 0x000000044DE889BD, 0x000000044FC889F9, 0x0000040400E00000,
        0x000000025C704B8E, 0x0000040401C00000, 0x0000000600A8893E, 0x000000065A50CB4A, 0x000000045C588B8B, 0x000000065A78CB4F, 0x000000045C308B86,
        0x000000065C40CB88, 0x000000044FF889FF, 0x0000000450A88A15, 0x0000000452688A4D, 0x0000000600F09123, 0x0000000601089125, 0x0000000601209127,
        0x000000045CA88B95, 0x000000045C988B93, 0x000000065CC8CB99, 0x000000045DC08BB8, 0x000000065CF8CB9F, 0x0000000452B88A57, 0x0000000452A88A55,
        0x0000000452888A51, 0x0000000601489129, 0x000000060160912B, 0x000000060178912D, 0x000000045FA08BF4, 0x000000045F908BF2, 0x000000065FC0CBF8,
        0x000000045F308BE6, 0x000000045F408BE8, 0x0000000460B88C17, 0x000000065FF0CBFE, 0x0000000454C08A98, 0x0000000454B08A96, 0x0000000454908A92,
        0x0000000454688A8D, 0x000000060078893A, 0x000000023178462F, 0x0000000660F8CC1F, 0x0000000463008C60, 0x000000066120CC24, 0x0000000462D88C5B,
        0x0000000662E8CC5D, 0x0000000453B88A77, 0x0000000455508AAA, 0x0000000457108AE2, 0x0000000400084945, 0x0000040401380000, 0x000000020000512F,
        0x0000000200005130, 0x0000040200000000, 0x0000008289880000, 0x0000040401B00000, 0x0000040211A00000, 0x0000040411A00000, 0x0000040611A00000,
        0x0000040489A00000, 0x0000040689A00000, 0x0000040489C80000, 0x0000040689C80000, 0x0000040403100000, 0x0000040400380000, 0x000004041BB80000,
        0x000004041BA80000, 0x0000040403280000, 0x0000040889A00000, 0x0000020203980000, 0x0000020208E00000, 0x0000020204180000, 0x0000020204380000,
        0x0000020204580000, 0x0000020204780000, 0x0000020204980000, 0x0000020204B80000, 0x0000020211880000, 0x000002028AC00000, 0x000002021B300000,
        0x0000020203680000, 0x0000020203800000, 0x0000020209580000, 0x0000024203980000, 0x0000024203780000, 0x0000024203D80000, 0x0000024203F80000,
        0x0000024204180000, 0x0000024204380000, 0x0000024204580000, 0x0000024204780000, 0x0000024204980000, 0x0000024204B80000, 0x0000024211880000,
        0x000002428AC00000, 0x000002421B300000, 0x0000024203680000, 0x0000024203800000, 0x0000024208200000, 0x0000024208800000, 0x0000024209700000,
        0x000002420A480000, 0x000002424B800000, 0x0000024208C80000, 0x0000024209100000, 0x0000024209280000, 0x0000024209400000, 0x0000024209580000,
        0x0000024209880000, 0x0000024209D00000, 0x0000024209E80000, 0x000004042AB00000, 0x0000040631A00000, 0x0000040631B80000, 0x0000004205E00000,
        0x000004044A080000, 0x0000040634600000, 0x0000040634780000, 0x000004024AF00000, 0x000004044A180000, 0x0000004208B00000, 0x0000004206580000,
        0x0000004208C80000, 0x000000424AB80000, 0x0000004206700000, 0x0000004206B80000, 0x0000004209280000, 0x0000004206E80000, 0x0000040426E80000,
        0x0000004207180000, 0x0000004207300000, 0x0000004207480000, 0x000002042B680000, 0x000004062C500000, 0x000002042C800000, 0x0000004208080000,
        0x0000000226C044D8, 0x0000000206A040D4, 0x0000004205C80000, 0x0000004208800000, 0x0000004206100000, 0x0000004206280000, 0x0000004206D00000,
        0x0000004209700000, 0x0000040268200000, 0x0000040268680000, 0x0000040268900000, 0x0000040268A80000, 0x0000004208E00000, 0x0000040621B00000,
        0x000000425F200000, 0x0000004259780000, 0x000000424FE00000, 0x0000004254580000, 0x000000428AB80000, 0x0000004205F80000, 0x0000004208680000,
        0x0000004208F80000, 0x000003C615E80000, 0x000003C616180000, 0x000003C815500000, 0x000003C615880000, 0x000003C618400000, 0x000003C615B80000,
        0x000003C618580000, 0x000003C619380000, 0x000003C619F80000, 0x000003C615D00000, 0x000003C61A400000, 0x000003C616000000, 0x000003C619500000,
        0x000003C61A580000, 0x000003C61AB00000, 0x000003C415400000, 0x0000040206700000, 0x0000040423380000, 0x0000040623380000, 0x0000040423800000,
        0x0000040207A80000, 0x0000040423880000, 0x000004062F380000, 0x000004082F500000, 0x0000040423900000, 0x0000040207D80000, 0x0000040423980000,
        0x0000040630380000, 0x0000040206B80000, 0x0000040205E00000, 0x0000040205F80000, 0x0000040206D00000, 0x0000040208E00000, 0x0000040439F00000,
        0x0000040639F00000, 0x000004043A380000, 0x000004020A180000, 0x000004043A400000, 0x0000040647A00000, 0x0000040847B80000, 0x000004043A480000,
        0x000004020A480000, 0x000004043A500000, 0x0000040648680000, 0x0000040209280000, 0x0000040208500000, 0x0000040208680000, 0x0000040209400000,
        0x000003C611E00000, 0x000000048A009140, 0x000000048A209144, 0x000000048A389147, 0x000000048A489149, 0x000000048A68914D, 0x000000048A58914B,
        0x000000048A809150, 0x000000048A989153, 0x000000048AA89155, 0x000000048AC89159, 0x000000048AD8915B, 0x000004048AE80000, 0x000004068AE80000,
        0x000004048B100000, 0x000004068B100000, 0x000000048B389167, 0x000000048B489169, 0x000000048B58916B, 0x000000048B68916D, 0x000000041B808370,
        0x000000048B889171, 0x000000048B78916F, 0x000000041B488369, 0x000000041B988373, 0x000000048B989173, 0x000000048BA89175, 0x000000048BB89177,
        0x000000048BC89179, 0x000000048BD8917B, 0x000000048BE8917D, 0x000000048BF8917F, 0x000000048C089181, 0x000000048C389187, 0x000000048C489189,
        0x000000048C58918B, 0x000000048C68918D, 0x000000048C989193, 0x000000048CA89195, 0x000000048CB89197, 0x000000048CC89199, 0x000000048C189183,
        0x000000048C289185, 0x000000048C78918F, 0x000000048C889191, 0x000000048CD8919B, 0x000000048CE8919D, 0x000000048CF8919F, 0x000000048D0891A1,
        0x000000028D7051AE, 0x000000028D7851AF, 0x000001C203780000, 0x000001C203D80000, 0x000001C203F80000, 0x000001C204180000, 0x000001C204380000,
        0x000001C204580000, 0x000001C204780000, 0x000001C204980000, 0x000001C204B80000, 0x000001C403900000, 0x000001C403B00000, 0x000001C403D00000,
        0x000001C403F00000, 0x000001C404100000, 0x000001C404300000, 0x000001C404500000, 0x000001C404700000, 0x000001C404900000, 0x000001C404B00000,
        0x000001C404E80000, 0x0000040603700000, 0x0000040604C80000, 0x0000040605000000, 0x0000040605180000, 0x0000040605300000, 0x0000040605480000,
        0x0000040605600000, 0x0000040605780000, 0x0000040605900000, 0x0000040803880000, 0x0000040803A80000, 0x0000040803C80000, 0x0000040803E80000,
        0x0000040804080000, 0x0000040804280000, 0x0000040804480000, 0x0000040804680000, 0x0000040804880000, 0x0000040804A80000, 0x0000040804E00000,
        0x0000040412180000, 0x0000040412F00000, 0x0000040413500000, 0x0000040413980000, 0x0000040413E00000, 0x0000040414280000, 0x0000040414700000,
        0x0000040414B80000, 0x0000040415000000, 0x0000040612280000, 0x0000040612880000, 0x0000040612E80000, 0x0000040613480000, 0x0000040613900000,
        0x0000040613D80000, 0x0000040614200000, 0x0000040614680000, 0x0000040614B00000, 0x0000040614F80000, 0x0000040616400000, 0x0000040608180000,
        0x0000040608300000, 0x0000040608480000, 0x0000040608600000, 0x0000040608780000, 0x0000040608900000, 0x0000040608A80000, 0x0000040608C00000,
        0x0000040608D80000, 0x0000040608F00000, 0x0000040609080000, 0x0000040609200000, 0x0000040609380000, 0x0000040609500000, 0x0000040609680000,
        0x0000040609800000, 0x0000040609980000, 0x0000040609B00000, 0x0000040609C80000, 0x0000040609E00000, 0x0000040609F80000, 0x000004060A100000,
        0x000004060A280000, 0x000004060A400000, 0x000004060A580000, 0x000004060A700000, 0x000001C205B00000, 0x000001C205C80000, 0x000001C205E00000,
        0x000001C205F80000, 0x000001C206100000, 0x000001C206280000, 0x000001C206400000, 0x000001C206580000, 0x000001C206700000, 0x000001C206880000,
        0x000001C206A00000, 0x000001C206B80000, 0x000001C206D00000, 0x000001C206E80000, 0x000001C207000000, 0x000001C207180000, 0x000001C207300000,
        0x000001C207480000, 0x000001C207600000, 0x000001C207780000, 0x000001C207900000, 0x000001C207A80000, 0x000001C207C00000, 0x000001C207D80000,
        0x000001C207F00000, 0x000001C208080000, 0x000001C208200000, 0x000001C208380000, 0x000001C208500000, 0x000001C208680000, 0x000001C208800000,
        0x000001C208980000, 0x000001C208B00000, 0x000001C208C80000, 0x000001C208E00000, 0x000001C208F80000, 0x000001C209100000, 0x000001C209280000,
        0x000001C209400000, 0x000001C209580000, 0x000001C209700000, 0x000001C209880000, 0x000001C209A00000, 0x000001C209B80000, 0x000001C209D00000,
        0x000001C209E80000, 0x000001C20A000000, 0x000001C20A180000, 0x000001C20A300000, 0x000001C20A480000, 0x000001C20A600000, 0x000001C20A780000,
        0x000001C203980000, 0x000004088AE80000, 0x000004061B200000, 0x000004041B580000, 0x000004061B580000, 0x000000048D4091A8, 0x0000024208F80000,
        0x0000020207A80000, 0x000002028D580000, 0x00000402AD580000, 0x00000402BDD80000, 0x000004020E280000, 0x000004029FD80000, 0x000004029FF00000,
        0x00000402A0100000, 0x00000402A0200000, 0x00000402A0300000, 0x000004020E880000, 0x00000402A0400000, 0x00000402A0580000, 0x00000402A1000000,
        0x00000402A1300000, 0x000004020F000000, 0x00000402A1600000, 0x00000402A1800000, 0x00000402A1A00000, 0x00000402A1E00000, 0x00000402A1E80000,
        0x00000402A1F00000, 0x00000402A2580000, 0x00000402A2A00000, 0x00000402A2C00000, 0x00000402A2D00000, 0x00000402A2D80000, 0x000004020F480000,
        0x00000402A3180000, 0x00000402A3200000, 0x00000402A3500000, 0x00000402A3580000, 0x00000402A3680000, 0x00000402A3880000, 0x00000402A4B80000,
        0x000004020FC00000, 0x00000402A5500000, 0x00000402A5780000, 0x00000402A5880000, 0x00000402A5900000, 0x00000402A5B00000, 0x00000402A5F80000,
        0x00000402A6500000, 0x00000402A6600000, 0x00000402A6A00000, 0x00000402A6B80000, 0x00000402A6C00000, 0x00000402A6C80000, 0x00000402A6F80000,
        0x00000402A7000000, 0x00000402A7580000, 0x00000402A7700000, 0x00000402A7800000, 0x00000402A7900000, 0x00000402A7B00000, 0x00000402A7D00000,
        0x00000402A7E00000, 0x00000402A8380000, 0x00000402A8400000, 0x00000402A8500000, 0x00000402A8580000, 0x00000402A8680000, 0x00000402A8780000,
        0x00000402A8980000, 0x00000402A8D00000, 0x00000402A9C00000, 0x00000402A9E00000, 0x00000402A9E80000, 0x00000402AAE00000, 0x00000402AAE80000,
        0x00000402AB100000, 0x00000402AB180000, 0x00000402AB280000, 0x00000402AB380000, 0x00000402AB480000, 0x000004020FF00000, 0x00000402ABC80000,
        0x0000040210080000, 0x0000040210380000, 0x00000402ACF00000, 0x00000402AD080000, 0x00000402AD200000, 0x00000402AD380000, 0x00000402AD500000,
        0x00000402AD600000, 0x00000402AD680000, 0x00000402AD700000, 0x00000402AD780000, 0x0000040210680000, 0x0000040210800000, 0x00000402AF700000,
        0x00000402AF880000, 0x00000402AF900000, 0x00000402AF980000, 0x00000402AFA00000, 0x00000402AFB00000, 0x00000402AFB80000, 0x00000402AFD80000,
        0x00000402B0100000, 0x00000402B0200000, 0x00000402B0A00000, 0x00000402B0A80000, 0x00000402B0B80000, 0x00000402B0C00000, 0x00000402B0D00000,
        0x00000402B0D80000, 0x00000402B1200000, 0x00000402B1280000, 0x00000402B1600000, 0x00000402B1680000, 0x00000402B1700000, 0x00000402B1780000,
        0x00000402B1980000, 0x00000402B1E00000, 0x00000402B1E80000, 0x00000402B1F00000, 0x00000402B2380000, 0x00000402B2A80000, 0x00000402B2B00000,
        0x00000402B2F00000, 0x00000402B3100000, 0x00000402B3200000, 0x00000402B3600000, 0x00000402B3A80000, 0x00000402B4300000, 0x00000402B4400000,
        0x00000402B4680000, 0x00000402B4800000, 0x00000402B4900000, 0x00000402B4A00000, 0x00000402B4A80000, 0x00000402B4B00000, 0x00000402B4E00000,
        0x00000402B4E80000, 0x00000402B5200000, 0x0000040211100000, 0x0000040211280000, 0x00000402B5380000, 0x00000402B5500000, 0x00000402B5600000,
        0x00000402B5680000, 0x00000402B5700000, 0x00000402B5800000, 0x00000402B5880000, 0x00000402B6C80000, 0x00000402B6F00000, 0x00000402B7580000,
        0x00000402B7600000, 0x00000402B7700000, 0x00000402B7C80000, 0x00000402B7D80000, 0x00000402B7E80000, 0x00000402B7F80000, 0x00000402B8700000,
        0x00000402B8780000, 0x00000402B8880000, 0x00000402B8900000, 0x00000402B8980000, 0x00000402B8E00000, 0x00000402B8E80000, 0x00000402B8F80000,
        0x00000402B9200000, 0x00000402B9280000, 0x00000402B9600000, 0x00000402B9700000, 0x00000402B9780000, 0x00000402B9C00000, 0x00000402BA000000,
        0x00000402BA280000, 0x00000402BA300000, 0x0000040211700000, 0x00000402BA900000, 0x00000402BA980000, 0x00000402BAB80000, 0x00000402BB000000,
        0x00000402BB180000, 0x00000402BB380000, 0x00000402BB680000, 0x00000402BB780000, 0x00000402BB800000, 0x00000402BB880000, 0x00000402BB900000,
        0x00000402BBA80000, 0x00000402BBB00000, 0x00000402BBC00000, 0x00000402BBF80000, 0x00000402BC000000, 0x00000402BC080000, 0x00000402BC380000,
        0x00000402BC400000, 0x00000402BC500000, 0x00000402BC780000, 0x00000402BC800000, 0x00000402BC880000, 0x00000402BC980000, 0x00000402BCA00000,
        0x00000402BCA80000, 0x00000402BCB00000, 0x00000402BCB80000, 0x00000402BCD80000, 0x00000402BD080000, 0x00000402BD100000, 0x00000402BD280000,
        0x00000402BD300000, 0x00000402BD380000, 0x00000402BD400000, 0x00000402BD500000, 0x00000402BD580000, 0x00000402BD600000, 0x00000402BD780000,
        0x00000402BD880000, 0x00000402BD980000, 0x00000402BDA00000, 0x00000402BDB00000, 0x00000402BDB80000, 0x00000402BDC00000, 0x00000402BDD00000,
        0x00000402BDE00000, 0x000002C200000000, 0x000004028DC00000, 0x00000402A2F00000, 0x00000402A2F80000, 0x000000048EE091DC, 0x000000048EF091DE,
        0x000000048F0091E0, 0x000000048F1091E2, 0x000000048F2091E4, 0x000000048F3091E6, 0x000000048F4091E8, 0x000000048F5091EA, 0x000000048F6091EC,
        0x000000048F7091EE, 0x000000048F8091F0, 0x000000048F9091F2, 0x000000048FA091F4, 0x000000048FB091F6, 0x000000048FC091F8, 0x000000048FD091FA,
        0x000000048FE091FC, 0x000000048FF091FE, 0x0000000490009200, 0x0000000490109202, 0x0000000490209204, 0x0000000490309206, 0x0000000490409208,
        0x000000049060920C, 0x000000049070920E, 0x000000048ED091DA, 0x0000040402F00000, 0x0000040403000000, 0x0000000490909212, 0x0000028490800000,
        0x000000049258924B, 0x0000000493089261, 0x000000049160922C, 0x0000000494C89299, 0x0000000494F8929F, 0x00000004955892AB, 0x0000000495B892B7,
        0x0000000495F092BE, 0x0000000494809290, 0x00000004963892C7, 0x000000049370926E, 0x00000004966892CD, 0x00000004968092D0, 0x00000004969892D3,
        0x0000000491F0923E, 0x00000004970892E1, 0x0000000490B89217, 0x0000000497B092F6, 0x0000000497D892FB, 0x000000049850930A, 0x0000000498909312,
        0x0000000499089321, 0x0000000491089221, 0x0000000499F8933F, 0x00000004954092A8, 0x0000000491989233, 0x000000049D2093A4, 0x000000049D3893A7,
        0x000000049D5093AA, 0x000000049D6893AD, 0x000000049D8093B0, 0x0000028495080000, 0x000004020A900000, 0x0000040285700000, 0x0000040287800000,
        0x000004020AC80000, 0x0000040287880000, 0x0000040287900000, 0x000004020B000000, 0x0000040285780000, 0x000004020B380000, 0x0000040287980000,
        0x0000040287A00000, 0x0000040287A80000, 0x0000040287B00000, 0x0000040287B80000, 0x0000040287C00000, 0x0000040286000000, 0x000004020B700000,
        0x000004020BA80000, 0x0000040285800000, 0x0000040286280000, 0x000004020BE00000, 0x0000040285880000, 0x000004020C180000, 0x000004020C600000,
        0x0000040285C00000, 0x000004020D100000, 0x000004020D480000, 0x000004020D800000, 0x000004020DB80000, 0x000004020C980000, 0x000004020AB00000,
        0x0000040286C00000, 0x0000040286C80000, 0x0000040286D00000, 0x000004020C680000, 0x0000040286D80000, 0x0000040286E00000, 0x0000040286E80000,
        0x000004020C580000, 0x0000040286F00000, 0x0000040286F80000, 0x0000040287000000, 0x0000040287080000, 0x000004020CA00000, 0x0000040287100000,
        0x0000040287180000, 0x0000040287200000, 0x0000040287280000, 0x0000040287300000, 0x0000040285B80000, 0x0000040287380000, 0x0000040286B80000,
        0x0000040285F00000, 0x0000040285F80000, 0x0000040287C80000, 0x0000040287D00000, 0x0000040287D80000, 0x0000040287E00000, 0x0000040287E80000,
        0x0000040287F00000, 0x0000040287F80000, 0x0000040286080000, 0x0000040288000000, 0x0000040288080000, 0x0000040286100000, 0x0000040286180000,
        0x0000040286200000, 0x0000040286300000, 0x0000040286380000, 0x0000040286400000, 0x0000040286480000, 0x0000040286500000, 0x0000040286580000,
        0x0000040286600000, 0x0000040286680000, 0x0000040286700000, 0x0000040286780000, 0x0000040286800000, 0x0000040286880000, 0x0000040286900000,
        0x0000040286980000, 0x0000040288100000, 0x0000040288180000, 0x0000040286A00000, 0x0000040286A80000, 0x0000040286B00000, 0x0000040287400000,
        0x0000040287480000, 0x0000040287500000, 0x0000040287580000, 0x0000040287600000, 0x0000040287680000, 0x0000040287700000, 0x0000040287780000,
        0x000002020E280000, 0x000002020E880000, 0x000002020E580000, 0x000002020FA80000, 0x000002029FB00000, 0x000002029FE00000, 0x000002029FB80000,
        0x00000202B0E00000, 0x00000202A0200000, 0x000002029FC80000, 0x000002029FA80000, 0x00000202A5C80000, 0x00000202A4D80000, 0x00000202A0580000,
        0x000004060A880000, 0x000004060AC00000, 0x000004060AF80000, 0x000004060B300000, 0x000004060B680000, 0x000004060BA00000, 0x000004060BD80000,
        0x000004060C100000, 0x000004060CB00000, 0x000004060D080000, 0x000004060D400000, 0x000004060D780000, 0x000004060DB00000, 0x000004060DE80000,
        0x000004080AA00000, 0x000004080AD80000, 0x000004080B100000, 0x000004080B480000, 0x000004080B800000, 0x000004080BB80000, 0x000004080BF00000,
        0x000004080C280000, 0x000004080CC80000, 0x000004080D200000, 0x000004080D580000, 0x000004080D900000, 0x000004080DC80000, 0x000004080E000000,
        0x000004080CE80000, 0x0000040E0C480000, 0x0000040C0C800000, 0x000004060E200000, 0x000004060E800000, 0x000004060E500000, 0x000004060FA00000,
        0x000004060E980000, 0x000004060F100000, 0x000004060E380000, 0x000004060EF80000, 0x000004060E680000, 0x000004060F400000, 0x0000040610000000,
        0x0000040610780000, 0x0000040610600000, 0x0000040610300000, 0x0000040611680000, 0x000004060FB80000, 0x000004060FE80000, 0x0000040610480000,
        0x0000040610180000, 0x0000040610C00000, 0x000004060F700000, 0x0000040610900000, 0x0000040611380000, 0x0000040610D80000, 0x000004060F280000,
        0x000004060EB00000, 0x000004060F880000, 0x000004060FD00000, 0x0000040610A80000, 0x000004060EC80000, 0x0000040611500000, 0x000004060F580000,
        0x0000040610F00000, 0x000004060EE00000, 0x0000040611080000, 0x0000040611200000, 0x000001C2A4280000, 0x000001C2A7D80000, 0x000001C2AB100000,
        0x000001C2B3300000, 0x000003862A780000, 0x000001C415800000, 0x000001C416B80000, 0x000001C416F80000, 0x000001C417380000, 0x000001C417780000,
        0x000001C417A00000, 0x000001C417C80000, 0x000001C417F00000, 0x000001C418180000, 0x000001C411F00000, 0x000001C415980000, 0x000001C417000000,
        0x000001C418B00000, 0x000001C418C00000, 0x000001C418D00000, 0x000001C20A900000, 0x000001C20AC80000, 0x000001C20B000000, 0x000001C20B380000,
        0x000001C20B700000, 0x000001C20BA80000, 0x000001C20BE00000, 0x000001C20C180000, 0x000001C20C600000, 0x000001C20D100000, 0x000001C20D480000,
        0x000001C20D800000, 0x000001C20DB80000, 0x000001C20C980000, 0x000001C40AA80000, 0x000001C40AE00000, 0x000001C40B180000, 0x000001C40B500000,
        0x000001C40B880000, 0x000001C40BC00000, 0x000001C40BF80000, 0x000001C40C300000, 0x000001C40CD00000, 0x000001C40D280000, 0x000001C40D600000,
        0x000001C40D980000, 0x000001C40DD00000, 0x000001C40E080000, 0x000001CA85C80000, 0x000001C885A00000, 0x000001C485900000, 0x000001C20E280000,
        0x000001C20E880000, 0x000001C20E580000, 0x000001C20FA80000, 0x000001C20EA00000, 0x000001C20F180000, 0x000001C20E400000, 0x000001C20F000000,
        0x000001C20E700000, 0x000001C20F480000, 0x000001C210080000, 0x000001C210800000, 0x000001C210680000, 0x000001C210380000, 0x000001C211700000,
        0x000001C20FC00000, 0x000001C20FF00000, 0x000001C210500000, 0x000001C210200000, 0x000001C210C80000, 0x000001C20F780000, 0x000001C210980000,
        0x000001C211400000, 0x000001C210E00000, 0x000001C20F300000, 0x000001C2B2C00000, 0x000001C2B0F00000, 0x000001C2A5F80000, 0x000001C2B9A00000,
        0x000001C2A0F80000, 0x000001C2A3280000, 0x000001C2ADB80000, 0x000001C2BBC80000, 0x000001C20EE80000, 0x000001C2A1900000, 0x000001C2A5C00000,
        0x000001C29FB00000, 0x000001C29FE00000, 0x000001C29FB80000, 0x000001C2A7780000, 0x000001C2A3B00000, 0x000001C2A2E00000, 0x000001C2A6700000,
        0x000001C20FD80000, 0x000001C210B00000, 0x000001C20ED00000, 0x000001C211580000, 0x000001C20F600000, 0x000001C2A5A00000, 0x000001C418E00000,
        0x000001C418F00000, 0x000001C419000000, 0x000001C419100000, 0x000001C419880000, 0x000001C415B00000, 0x000001C417400000, 0x000001C418C80000,
        0x000001C419980000, 0x000001C419A80000, 0x000001C419B80000, 0x000001C419C80000, 0x000001C419D80000, 0x000001C419E80000, 0x000001C41A300000,
        0x0000040412C00000, 0x0000040413200000, 0x0000040419680000, 0x000004041A100000, 0x000004041A700000, 0x000004041A900000, 0x000004041AC80000,
        0x000004041AE80000, 0x000004041B080000, 0x0000040612580000, 0x0000040612B80000, 0x0000040613180000, 0x0000038422B80000, 0x0000038636780000,
        0x0000038436680000, 0x0000038625480000, 0x000001C290A80000, 0x000001C291400000, 0x000001C291900000, 0x000001C291C80000, 0x000001C292200000,
        0x000001C292100000, 0x000001C293000000, 0x000001C291600000, 0x000001C294C00000, 0x000001C294F00000, 0x000001C295500000, 0x000001C295B00000,
        0x000001C291D80000, 0x000001C294800000, 0x000001C296300000, 0x000001C293700000, 0x000001C291800000, 0x000001C296780000, 0x000001C296900000,
        0x000001C290D00000, 0x000001C295280000, 0x000001C291500000, 0x000001C296E80000, 0x000001C294B80000, 0x000001C296E00000, 0x000001C290B80000,
        0x000001C297A80000, 0x000001C290E80000, 0x000001C291080000, 0x000001C295400000, 0x000001C292A00000, 0x000001C29B480000, 0x000001C292500000,
        0x000001C293F80000, 0x000001C29BF00000, 0x000001C29C000000, 0x000001C29C400000, 0x000001C29C600000, 0x000001C292C80000, 0x000001C292B80000,
        0x000001C290E00000, 0x000001C297300000, 0x000001C292780000, 0x000001C294280000, 0x000001C29D300000, 0x000001C29D480000, 0x000001C29D600000,
        0x00000384A0780000, 0x0000038A90B00000, 0x0000038890D80000, 0x0000038A90F80000, 0x0000038691200000, 0x0000038A91480000, 0x0000038691700000,
        0x0000038691A80000, 0x0000038C91D00000, 0x0000038892000000, 0x0000038692280000, 0x0000038692400000, 0x0000038692A80000, 0x0000038892C00000,
        0x0000038892E00000, 0x0000038892680000, 0x0000038892880000, 0x0000038893180000, 0x0000038893380000, 0x0000038893880000, 0x0000038C93580000,
        0x0000038493A80000, 0x0000038C93B80000, 0x0000038C93E80000, 0x0000038A94180000, 0x0000038893C80000, 0x0000038C94400000, 0x0000038C94700000,
        0x0000038894A00000, 0x0000038694D80000, 0x0000038695180000, 0x0000038895300000, 0x0000038895680000, 0x0000038A95880000, 0x0000038A95C80000,
        0x0000038696000000, 0x0000038696180000, 0x0000038896480000, 0x0000038696A80000, 0x0000038696C00000, 0x0000038494600000, 0x0000038496D80000,
        0x0000038696F00000, 0x0000038697900000, 0x0000038C97400000, 0x0000038897700000, 0x0000038A97180000, 0x0000038C97E80000, 0x0000038898180000,
        0x0000038698380000, 0x0000038697C00000, 0x0000038C98A00000, 0x0000038898D00000, 0x0000038C98600000, 0x0000038698F00000, 0x0000038A99B80000,
        0x0000038699380000, 0x0000038899500000, 0x0000038699E00000, 0x0000038899700000, 0x0000038A99900000, 0x0000038899180000, 0x0000038A9A280000,
        0x000003889A080000, 0x000003849A780000, 0x0000038A9A500000, 0x000003869A880000, 0x000003869AA00000, 0x000003889AB80000, 0x000003869AD80000,
        0x000003869AF00000, 0x000003869B080000, 0x0000038A9B200000, 0x000003889B500000, 0x000003849B700000, 0x0000038C9B800000, 0x000003869BB00000,
        0x0000038A9BC80000, 0x0000038893F80000, 0x000003889C080000, 0x000003869C280000, 0x000003869C480000, 0x000003889C680000, 0x000003849C880000,
        0x000003889C980000, 0x0000038A9CB80000, 0x000003849CE00000, 0x0000038C9CF00000, 0x0000038694280000, 0x0000040411F80000, 0x0000040412D80000,
        0x0000040413380000, 0x0000040413800000, 0x0000040413C80000, 0x0000040414100000, 0x0000040414580000, 0x0000040414A00000, 0x0000040414E80000,
        0x0000040415300000, 0x0000040612700000, 0x0000040612D00000, 0x0000040613300000, 0x0000040613780000, 0x0000040613C00000, 0x0000040614080000,
        0x0000040614500000, 0x0000040614980000, 0x0000040614E00000, 0x0000040615280000, 0x0000040616700000, 0x0000040616A00000, 0x0000040616E00000,
        0x0000040617200000, 0x0000040617600000, 0x0000038639480000, 0x0000038435800000, 0x000003841BD00000, 0x0000038634180000, 0x000003843FB80000,
        0x0000038442D80000, 0x0000038435A00000, 0x0000038635B00000, 0x0000038635C80000, 0x0000038423700000, 0x00000384A7B80000, 0x00000384AB800000,
        0x00000384A5B80000, 0x00000384AB600000, 0x00000388AC580000, 0x0000038442980000, 0x000003843EB80000, 0x000003845DE80000, 0x000003843D900000,
        0x000003843B700000, 0x0000038424B80000, 0x0000038425F80000, 0x0000038421D80000, 0x0000038634900000, 0x000003883BD00000, 0x0000038442A80000,
        0x000003843EC80000, 0x000003845DF80000, 0x000003845E280000, 0x000003843DC00000, 0x000003841F100000, 0x0000038421F00000, 0x000003863B800000,
        0x0000038626280000, 0x0000038621E80000, 0x000003862C680000, 0x000003845E380000, 0x000003843CC80000, 0x0000038435900000, 0x000003843BF00000,
        0x0000038438A00000, 0x000003843F080000, 0x000003845E480000, 0x000003843DE80000, 0x0000038434C80000, 0x000003843C000000, 0x000003863DF80000,
        0x0000038634D80000, 0x0000038434E00000, 0x000003863C100000, 0x000003863E100000, 0x0000038634F00000, 0x0000038434F80000, 0x000003863C280000,
        0x000003863E800000, 0x000003883E980000, 0x0000038422080000, 0x000003863B980000, 0x0000038626400000, 0x0000038622000000, 0x0000038643180000,
        0x0000038A43300000, 0x0000038C43580000, 0x0000038442E80000, 0x000003843F180000, 0x000003845E580000, 0x000003843E400000, 0x0000038442B80000,
        0x000003843ED80000, 0x000003845E080000, 0x000003843DA00000, 0x000003843BB00000, 0x0000038426680000, 0x0000038442C80000, 0x000003843EE80000,
        0x000003845E180000, 0x000003842FA00000, 0x000003843BC00000, 0x0000038426780000, 0x000003843CA00000, 0x0000038426B80000, 0x0000038831800000,
        0x000003841E300000, 0x0000038434A80000, 0x0000038434B80000, 0x000003881F000000, 0x000003861E800000, 0x0000038435700000, 0x0000038422180000,
        0x0000038439600000, 0x0000038422980000, 0x000003843A280000, 0x0000038424C80000, 0x0000038424D80000, 0x000003843C400000, 0x000003843CC00000,
        0x000003843CD00000, 0x000003863CE00000, 0x000003843CF80000, 0x000003843DB00000, 0x000003863DD00000, 0x000003863E280000, 0x0000038422A00000,
        0x0000038842780000, 0x000003862A380000, 0x000003842A680000, 0x0000038443500000, 0x000003842B880000, 0x000003842FC80000, 0x000003862F900000,
        0x000003861E180000, 0x0000040412A80000, 0x0000040413080000, 0x0000040413680000, 0x0000040413B00000, 0x0000040413F80000, 0x0000040414400000,
        0x0000040414880000, 0x0000040414D00000, 0x0000040415180000, 0x0000040612400000, 0x0000040612A00000, 0x0000040613000000, 0x0000040613600000,
        0x0000040613A80000, 0x0000040613F00000, 0x0000040614380000, 0x0000040614800000, 0x0000040614C80000, 0x0000040615100000, 0x0000040616580000,
        0x0000040616880000, 0x0000040616C80000, 0x0000040617080000, 0x0000040617480000, 0x0000040617880000, 0x0000040617B00000, 0x0000040617D80000,
        0x0000040618000000, 0x0000040618280000, 0x0000040618800000, 0x0000040618980000, 0x0000038638C00000, 0x0000020266B00000, 0x0000020266D00000,
        0x00000202BE000000, 0x0000020207600000, 0x0000020205E00000, 0x0000020206280000, 0x0000020207300000, 0x000002024AB00000, 0x000002024AD00000,
        0x00000202BDF80000, 0x00000202BE100000, 0x000002024C000000, 0x00000202BE180000, 0x000002024CE80000, 0x00000002B8805710, 0x00000002ABD0557A,
        0x00000002B9285725, 0x00000002B8C05718, 0x00000002AE7855CF, 0x000000029FE853FD, 0x00000002A3905472, 0x00000002BDD057BA, 0x00000002A5E054BC,
        0x000000021170422E, 0x00000002A450548A, 0x00000002A5D854BB, 0x00000002A9B05536, 0x00000002B158562B, 0x00000002B460568C, 0x00000002B6C056D8,
        0x00000002B73856E7, 0x00000002B7A056F4, 0x00000002B9B85737, 0x00000002ACC05598, 0x00000002ADC855B9, 0x00000002AF1855E3, 0x00000002B0405608,
        0x00000002B65056CA, 0x00000002BA105742, 0x00000002BC60578C, 0x00000002A0285405, 0x00000002A3385467, 0x00000002ACE8559D, 0x00000002AF6055EC,
        0x00000002B6B856D7, 0x00000002BD0057A0, 0x00000002A72854E5, 0x00000002AEB855D7, 0x00000002B69856D3, 0x00000002B7C056F8, 0x00000002AA085541,
        0x00000002B51856A3, 0x00000002B75056EA, 0x00000002A8105502, 0x00000002ABE8557D, 0x00000002ADF855BF, 0x00000002AFF055FE, 0x00000002B9D0573A,
        0x00000002A0985413, 0x00000002A1B85437, 0x00000002A2885451, 0x00000002AAD8555B, 0x00000002ACD8559B, 0x00000002AF5855EB, 0x00000002B1905632,
        0x00000002B4905692, 0x00000002B6A856D5, 0x00000002B6D856DB, 0x00000002B9105722, 0x00000002BB58576B, 0x00000002BCC05798, 0x00000002BCF8579F,
        0x00000002B2085641, 0x00000002B278564F, 0x00000002B3E8567D, 0x00000002B61856C3, 0x00000002BA70574E, 0x00000002BD1057A2, 0x00000002B8285705,
        0x00000002A54854A9, 0x00000002A8485509, 0x00000002B358566B, 0x00000002B4D8569B, 0x00000002AFC055F8, 0x00000002B2185643, 0x00000002B8B85717,
        0x00000002BB485769, 0x00000002A54054A8, 0x00000002A6E054DC, 0x00000002ACC85599, 0x00000002AE2055C4, 0x00000002AE8855D1, 0x00000002B3C85679,
        0x00000002B4185683, 0x00000002BAC85759, 0x00000002A2805450, 0x00000002B4F0569E, 0x00000002A1D0543A, 0x00000002A1C85439, 0x00000002B2D0565A,
        0x00000002B3F0567E, 0x00000002B64856C9, 0x00000002BAD8575B, 0x00000002B860570C, 0x00000002AA105542, 0x00000002B8405708, 0x00000002A0005400,
        0x00000002A68854D1, 0x00000002A8F8551F, 0x00000002B0185603, 0x00000002B1185623, 0x00000002A2C85459, 0x00000002B2285645, 0x00000002A0B85417,
        0x00000002A8C05518, 0x000000029FC053F8, 0x00000002ADA055B4, 0x00000002AB085561, 0x00000002B3C05678, 0x00000002A360546C, 0x00000002A52054A4,
        0x00000002B1A85635, 0x00000002B65856CB, 0x00000002B8085701, 0x00000002AD4055A8, 0x00000002B970572E, 0x00000002AD9055B2, 0x00000002AA305546,
        0x00000002B5C856B9, 0x00000002AA70554E, 0x00000002B1105622, 0x00000002A050540A, 0x00000002A1485429, 0x00000002A1C05438, 0x00000002AC805590,
        0x00000002B3985673, 0x00000002B57856AF, 0x00000002B8205704, 0x00000002BA385747, 0x00000002A2985453, 0x00000002A3E8547D, 0x00000002A5F854BF,
        0x00000002A8305506, 0x00000002AB405568, 0x00000002AEC055D8, 0x00000002B2305646, 0x00000002BAA85755, 0x00000002BC70578E, 0x00000002BD1857A3,
        0x00000002BD4857A9, 0x00000002A258544B, 0x00000002ABC05578, 0x00000002AD1855A3, 0x00000002B958572B, 0x00000002A7C854F9, 0x00000002A9805530,
        0x00000002A9B85537, 0x00000002AAC85559, 0x00000002AEA055D4, 0x00000002AF3055E6, 0x00000002B0885611, 0x00000002B2B85657, 0x00000002B4005680,
        0x00000002B4C85699, 0x00000002B9385727, 0x00000002B66856CD, 0x00000002B9885731, 0x00000002BA78574F, 0x00000002A2085441, 0x00000002A260544C,
        0x00000002A4105482, 0x00000002AF1055E2, 0x00000002B77856EF, 0x00000002A8085501, 0x00000002A8E8551D, 0x00000002AA60554C, 0x00000002AD3055A6,
        0x00000002B350566A, 0x00000002B0005600, 0x00000002A070540E, 0x00000002A4C05498, 0x00000002A75054EA, 0x00000002A9005520, 0x00000002B0385607,
        0x00000002B070560E, 0x00000002B478568F, 0x00000002B4B85697, 0x00000002BA405748, 0x00000002BB405768, 0x00000002BB60576C, 0x00000002BBD8577B,
        0x00000002A0A05414, 0x00000002B2A05654, 0x00000002BA205744, 0x00000002BB105762, 0x00000002A9305526, 0x00000002A0385407, 0x00000002A0E8541D,
        0x00000002A69054D2, 0x00000002A6D054DA, 0x00000002AB205564, 0x00000002AF4855E9, 0x00000002B150562A, 0x00000002B68056D0, 0x00000002B9B05736,
        0x00000002BDC057B8, 0x00000002ABA05574, 0x00000002BAC05758, 0x00000002A250544A, 0x00000002AC205584, 0x00000002AC385587, 0x00000002ADE855BD,
        0x00000002AE5855CB, 0x00000002B050560A, 0x00000002B1085621, 0x00000002B2005640, 0x00000002B3B85677, 0x00000002BBF0577E, 0x000000020F1841E3,
        0x00000002A9D0553A, 0x00000002BAE0575C, 0x00000002A0C85419, 0x00000002A71854E3, 0x00000002AE2855C5, 0x00000002B9405728, 0x00000002A8A05514,
        0x00000002A9405528, 0x00000002AC485589, 0x00000002BAF0575E, 0x00000002A2185443, 0x00000002A3C85479, 0x00000002A6F054DE, 0x00000002AB70556E,
        0x00000002AC005580, 0x00000002AC985593, 0x00000002ADB055B6, 0x00000002B0485609, 0x00000002B1305626, 0x00000002B450568A, 0x00000002B78056F0,
        0x00000002B79856F3, 0x00000002BA305746, 0x00000002BB285765, 0x00000002A2E8545D, 0x00000002AE6055CC, 0x00000002A3D0547A, 0x00000002AF5055EA,
        0x00000002B0905612, 0x00000002B6A056D4, 0x00000002BAF8575F, 0x00000002BCD0579A, 0x00000002BD2057A4, 0x00000002AC305586, 0x00000002AE1855C3,
        0x00000002B52856A5, 0x00000002B3105662, 0x00000002B3285665, 0x00000002B370566E, 0x00000002AFE855FD, 0x00000002AF0055E0, 0x00000002B858570B,
        0x00000002A060540C, 0x00000002B5E856BD, 0x00000002A2205444, 0x00000002A2005440, 0x00000002A7E854FD, 0x00000002AA185543, 0x00000002B3885671,
        0x00000002A66854CD, 0x00000002ADD055BA, 0x00000002ABB85577, 0x00000002B950572A, 0x00000002B76056EC, 0x00000002BAD0575A, 0x00000002B7D856FB,
        0x00000002A8205504, 0x00000002A1085421, 0x00000002A4805490, 0x00000002A51854A3, 0x00000002AB985573, 0x00000002A1D8543B, 0x00000002AFF855FF,
        0x00000002B1805630, 0x00000002B2405648, 0x00000002B268564D, 0x00000002B270564E, 0x00000002B2985653, 0x00000002BB70576E, 0x00000002B378566F,
        0x00000002B4805690, 0x00000002B6B056D6, 0x00000002B8385707, 0x00000002B9905732, 0x00000002B9E8573D, 0x00000002BC185783, 0x00000002BC205784,
        0x00000002BC285785, 0x00000002BCF0579E, 0x00000002B9D8573B, 0x00000002BB085761, 0x00000002A0A85415, 0x00000002A0F0541E, 0x00000002A1185423,
        0x00000002A278544F, 0x00000002A2905452, 0x00000002A3085461, 0x00000002A460548C, 0x00000002A4985493, 0x00000002A4A85495, 0x00000002A51054A2,
        0x00000002A52854A5, 0x00000002A6E854DD, 0x00000002A6F854DF, 0x00000002A9185523, 0x00000002A968552D, 0x00000002A978552F, 0x00000002A9A85535,
        0x00000002AAF0555E, 0x00000002AB50556A, 0x00000002ABA85575, 0x00000002AC885591, 0x00000002AE0055C0, 0x00000002AE3855C7, 0x00000002AE9855D3,
        0x00000002AF3855E7, 0x00000002AF7855EF, 0x00000002B058560B, 0x00000002B2105642, 0x0000000210C84219, 0x00000002B250564A, 0x00000002B2485649,
        0x00000002B258564B, 0x00000002B260564C, 0x0000000210E0421C, 0x00000002B2885651, 0x00000002B2905652, 0x00000002B2D8565B, 0x00000002B3005660,
        0x00000002B3385667, 0x00000002B4105682, 0x00000002B4205684, 0x00000002B4485689, 0x00000002B4985693, 0x00000002B53056A6, 0x00000002B59056B2,
        0x00000002B66056CC, 0x00000002B7B056F6, 0x00000002B7E056FC, 0x00000002B8485709, 0x00000002B850570A, 0x00000002B8C85719, 0x00000002B8D0571A,
        0x00000002B9805730, 0x00000002BB305766, 0x00000002BBB85777, 0x00000002BBE8577D, 0x00000002A9085521, 0x00000002C2C05858, 0x00000002B55856AB,
        0x000000029FD053FA, 0x00000002A1B05436, 0x00000002A1405428, 0x00000002A0905412, 0x00000002A1105422, 0x00000002A158542B, 0x00000002A270544E,
        0x00000002A2A85455, 0x00000002A4385487, 0x00000002A458548B, 0x00000002A4905492, 0x00000002A53854A7, 0x00000002A5D054BA, 0x00000002A5E854BD,
        0x00000002A62054C4, 0x00000002A64054C8, 0x00000002A8185503, 0x00000002A8285505, 0x00000002A8885511, 0x00000002A8C85519, 0x00000002A9285525,
        0x00000002A958552B, 0x00000002A9385527, 0x00000002A960552C, 0x00000002A9D8553B, 0x00000002AA805550, 0x00000002AA985553, 0x00000002AAA85555,
        0x00000002AAF8555F, 0x00000002ABF0557E, 0x00000002AC105582, 0x00000002AD2055A4, 0x00000002AE8055D0, 0x00000002AE7055CE, 0x00000002AED055DA,
        0x00000002B1D8563B, 0x00000002AF8055F0, 0x00000002AFE055FC, 0x00000002B078560F, 0x00000002B0B05616, 0x00000002B0F8561F, 0x00000002B1405628,
        0x00000002B1485629, 0x00000002B1885631, 0x00000002B1A05634, 0x00000002B1C85639, 0x00000002B1C05638, 0x00000002B2205644, 0x00000002B3085661,
        0x00000002B368566D, 0x00000002B3D8567B, 0x00000002B4385687, 0x00000002B5F056BE, 0x00000002B64056C8, 0x00000002B72856E5, 0x00000002B7B856F7,
        0x00000002B7D056FA, 0x00000002B8105702, 0x00000002B8185703, 0x00000002B8305706, 0x00000002B868570D, 0x00000002B9485729, 0x00000002B9A85735,
        0x00000002BA185743, 0x00000002BA50574A, 0x00000002BAE8575D, 0x00000002BB985773, 0x00000002BBD0577A, 0x00000002BC905792, 0x00000002C2185843,
        0x00000002C2105842, 0x00000002C260584C, 0x000000029E3853C7, 0x000000029E8853D1, 0x000000029E9053D2, 0x00000002C3305866, 0x00000002C378586F,
        0x00000002C4385887, 0x00000002BDA857B5, 0x00000002BDC857B9, 0x0000040438600000, 0x0000040438780000, 0x0000040438900000, 0x0000040638700000,
        0x0000040638880000, 0x0000040444200000, 0x0000040468000000, 0x0000040467D00000, 0x0000040467E00000, 0x0000040468100000, 0x0000040467F00000,
        0x0000000469188D23, 0x000000046AA08D54, 0x0000004269B80000, 0x0000004268200000, 0x0000004268A80000, 0x0000004268C00000, 0x0000004269480000,
        0x0000004268600000, 0x0000004269800000, 0x000000426A100000, 0x000000426A880000, 0x0000004211880000, 0x000000046A688D4D, 0x000000046A788D4F,
        0x000000066A38CD47, 0x000000066A50CD4A, 0x0000000468288D05, 0x0000000468388D07, 0x0000000468488D09, 0x0000000468708D0E, 0x0000000468988D13,
        0x0000000468B08D16, 0x0000000468C88D19, 0x0000000468E88D1D, 0x0000000468F88D1F, 0x0000000469088D21, 0x0000000469288D25, 0x0000000469388D27,
        0x0000000469508D2A, 0x0000000469708D2E, 0x0000000469888D31, 0x0000000469988D33, 0x0000000469A88D35, 0x0000000469C08D38, 0x0000000469D08D3A,
        0x0000000469F08D3E, 0x000000046A008D40, 0x000000046A188D43, 0x000000046A288D45, 0x000000046A908D52, 0x0000000468D88D1B, 0x0000000468808D10,
        0x0000000469608D2C, 0x0000000469E08D3C, 0x0000040468580000, 0x000001827FC00000, 0x000001427FC00000, 0x000001827FD80000, 0x000001427FD80000,
        0x000000C27FD80000, 0x000001027FD80000, 0x000001827FE00000, 0x000001427FE00000, 0x000000C27FE00000, 0x000001027FE00000, 0x000001827FF00000,
        0x000001427FF00000, 0x000000C27FF00000, 0x000001027FF00000, 0x000001827FD00000, 0x000001427FD00000, 0x000000C27FD00000, 0x000001027FD00000,
        0x000001827FE80000, 0x000001427FE80000, 0x000000C27FE80000, 0x000001027FE80000, 0x000001827FC80000, 0x000001427FC80000, 0x000000C27FC80000,
        0x000001027FC80000, 0x0000018280500000, 0x0000014280500000, 0x000000C280500000, 0x0000010280500000, 0x0000018280580000, 0x0000014280580000,
        0x000000C280580000, 0x0000010280580000, 0x0000018280000000, 0x0000014280000000, 0x000000C280000000, 0x0000010280000000, 0x000001827FF80000,
        0x000001427FF80000, 0x000000C27FF80000, 0x000001027FF80000, 0x0000018280080000, 0x0000014280080000, 0x000000C280080000, 0x0000010280080000,
        0x0000018280100000, 0x0000014280100000, 0x000000C280100000, 0x0000010280100000, 0x0000018280280000, 0x0000014280280000, 0x0000018280200000,
        0x0000014280200000, 0x0000018280300000, 0x0000014280300000, 0x0000018280180000, 0x0000014280180000, 0x0000018280400000, 0x0000014280400000,
        0x0000018280380000, 0x0000014280380000, 0x0000018280600000, 0x0000014280600000, 0x000000C280600000, 0x0000010280600000, 0x0000018280700000,
        0x0000014280700000, 0x000000C280700000, 0x0000010280700000, 0x0000018280800000, 0x0000014280800000, 0x000000C280800000, 0x0000010280800000,
        0x0000018280780000, 0x0000014280780000, 0x000000C280780000, 0x0000010280780000, 0x0000018280880000, 0x0000014280880000, 0x0000018280900000,
        0x0000014280900000, 0x000000C280900000, 0x0000010280900000, 0x0000018480F00000, 0x0000014480F00000, 0x0000018280A00000, 0x0000014280A00000,
        0x000000C280A00000, 0x0000010280A00000, 0x0000018280980000, 0x0000014280980000, 0x000000C280980000, 0x0000010280980000, 0x0000018273A00000,
        0x0000014273A00000, 0x0000018480E00000, 0x0000014480E00000, 0x0000018280680000, 0x0000014280680000, 0x000000C280680000, 0x0000010280680000,
        0x000001827F500000, 0x000001427F500000, 0x000001827F380000, 0x000001427F380000, 0x000001827F680000, 0x000001427F680000, 0x0000018480C00000,
        0x0000018280D80000, 0x0000014280D80000, 0x0000018280B80000, 0x0000014280B80000, 0x0000018280D00000, 0x0000014280D00000, 0x000001827F800000,
        0x000001427F800000, 0x000000C27F800000, 0x000001027F800000, 0x000000C26BF80000, 0x000001026BF80000, 0x000001867E200000, 0x000001467E200000,
        0x000001867F880000, 0x000001467F880000, 0x000001867EF80000, 0x000001467EF80000, 0x000001867F400000, 0x000001467F400000, 0x000001867F280000,
        0x000001467F280000, 0x000001867F580000, 0x000001467F580000, 0x000001867F700000, 0x000001467F700000, 0x000000C67F700000, 0x000001867F100000,
        0x000001467F100000, 0x000000C67F100000, 0x0000018270080000, 0x0000014270080000, 0x000000C270080000, 0x0000010270080000, 0x000001867E380000,
        0x000001867E500000, 0x000001867EB00000, 0x000001867E100000, 0x000001846B500000, 0x000001846B600000, 0x000001846B880000, 0x000001846BC00000,
        0x000001846BF00000, 0x000001846C000000, 0x000001846C200000, 0x000001846C780000, 0x000001846CB80000, 0x000001846D300000, 0x000001846DD80000,
        0x000001846DE80000, 0x000001846E000000, 0x000001846E300000, 0x000001846E600000, 0x000001846E700000, 0x000001846E800000, 0x000001846C380000,
        0x000001846C900000, 0x000001846CA80000, 0x000001846F900000, 0x000001846FA00000, 0x000001846CD00000, 0x0000018470200000, 0x0000018470600000,
        0x0000018470880000, 0x0000018470D80000, 0x0000018472680000, 0x0000018473A80000, 0x0000018473F80000, 0x0000018474080000, 0x0000018474480000,
        0x0000018474800000, 0x0000018474B80000, 0x0000018474C80000, 0x0000018475480000, 0x0000018475580000, 0x0000018472D80000, 0x0000018475F00000,
        0x0000018476000000, 0x0000018477280000, 0x0000018477380000, 0x0000018477480000, 0x0000018477700000, 0x0000018477980000, 0x0000018477A80000,
        0x0000018477C00000, 0x0000018477E80000, 0x0000018478400000, 0x0000018478500000, 0x0000018478600000, 0x0000018478700000, 0x0000018478800000,
        0x0000018478900000, 0x0000018478A00000, 0x0000018478B00000, 0x0000018478F00000, 0x0000018479000000, 0x0000018479580000, 0x0000018479B00000,
        0x000001847A080000, 0x0000018473800000, 0x0000018472F00000, 0x0000018473500000, 0x000001846D480000, 0x000001846D600000, 0x000001846D780000,
        0x0000018471200000, 0x000001846D900000, 0x000001846DA80000, 0x000001847B800000, 0x000001847BF00000, 0x000001847C480000, 0x000001847C780000,
        0x000001847CD80000, 0x000001847CE80000, 0x000001846EF80000, 0x000001847CF80000, 0x000001847D380000, 0x000001847D480000, 0x000001846E780000,
        0x000001846F400000, 0x000001846F880000, 0x000001847A580000, 0x000001847E000000, 0x000001847DA80000, 0x000001846FC00000, 0x000001846FF00000,
        0x000001847D880000, 0x0000018602000000, 0x0000018602280000, 0x0000018602500000, 0x0000018602780000, 0x0000018602A00000, 0x0000018602C80000,
        0x000001467E800000, 0x000001467E980000, 0x000001467EB00000, 0x000001467EC80000, 0x000001467E100000, 0x000001446AD00000, 0x000001446BB00000,
        0x000001446BC00000, 0x000001446BD00000, 0x000001446BF00000, 0x000001446C000000, 0x000001446D100000, 0x000001446D200000, 0x000001446D300000,
        0x000001446DB80000, 0x000001446DD80000, 0x000001446DE80000, 0x000001446E100000, 0x000001446E200000, 0x000001446E300000, 0x000001446E400000,
        0x000001446E600000, 0x000001446E700000, 0x0000014477980000, 0x0000014477A80000, 0x0000014478400000, 0x0000014478500000, 0x0000014478600000,
        0x0000014478A00000, 0x0000014478B00000, 0x0000014478F00000, 0x0000014479000000, 0x0000014473800000, 0x0000014472F00000, 0x0000014473500000,
        0x000001447A600000, 0x0000014471200000, 0x000001447C580000, 0x000001447C680000, 0x000001447C780000, 0x000001447CB80000, 0x000001447CD80000,
        0x000001447CE80000, 0x000001447D880000, 0x000001447DC80000, 0x000001447DD80000, 0x000001447A580000, 0x000001447B780000, 0x000001447E000000,
        0x000001447DA80000, 0x000000C67E380000, 0x000000C67E500000, 0x000000C67E680000, 0x000000C67EB00000, 0x000000C67EE00000, 0x000000C46B500000,
        0x000000C46B600000, 0x000000C46B880000, 0x000000C46BC00000, 0x000000C46BE00000, 0x000000C46C200000, 0x000000C46C780000, 0x000000C46CB80000,
        0x000000C46D300000, 0x000000C46DC80000, 0x000000C46E300000, 0x000000C46E800000, 0x000000C46C380000, 0x000000C46C900000, 0x000000C46CA80000,
        0x000000C46F900000, 0x000000C46CD00000, 0x000000C470200000, 0x000000C470600000, 0x000000C470880000, 0x000000C470D80000, 0x000000C472680000,
        0x000000C472A80000, 0x000000C473A80000, 0x000000C473F80000, 0x000000C474080000, 0x000000C474480000, 0x000000C474800000, 0x000000C474B80000,
        0x000000C475480000, 0x000000C475580000, 0x000000C472D80000, 0x000000C475F00000, 0x000000C476000000, 0x000000C477280000, 0x000000C477380000,
        0x000000C477480000, 0x000000C477700000, 0x000000C477C00000, 0x000000C477E80000, 0x000000C478700000, 0x000000C478800000, 0x000000C478900000,
        0x000000C478A00000, 0x000000C478B00000, 0x000000C479580000, 0x000000C479B00000, 0x000000C47A080000, 0x000000C473800000, 0x000000C46AF00000,
        0x000000C46D480000, 0x000000C46D600000, 0x000000C46D780000, 0x000000C471200000, 0x000000C47B800000, 0x000000C47BF00000, 0x000000C47C480000,
        0x000000C47C780000, 0x000000C47CC80000, 0x000000C46EF80000, 0x000000C47CF80000, 0x000000C47D580000, 0x000000C46E780000, 0x000000C46F400000,
        0x000000C46F880000, 0x000000C47A580000, 0x000000C473580000, 0x000001067EB00000, 0x000001067EE00000, 0x000001046BC00000, 0x000001046BE00000,
        0x000001046D300000, 0x000001046DC80000, 0x000001046E300000, 0x000001046E500000, 0x0000010470D80000, 0x0000010471300000, 0x0000010471F00000,
        0x0000010472300000, 0x0000010478A00000, 0x0000010478B00000, 0x0000010473800000, 0x000001047C780000, 0x000001047CC80000, 0x000001047A580000,
        0x0000010473580000, 0x0000010676980000, 0x0000010676C00000, 0x0000010676E80000, 0x0000018475200000, 0x0000018475300000, 0x0000018475C80000,
        0x0000018475D80000, 0x0000018476580000, 0x0000018476680000, 0x0000018471400000, 0x0000018471500000, 0x0000018472400000, 0x0000018472500000,
        0x000001846E980000, 0x000001846B780000, 0x000001846C500000, 0x000001846C680000, 0x000001846CE80000, 0x000001846BA00000, 0x0000018473D00000,
        0x0000018473E00000, 0x0000018474900000, 0x0000018474A00000, 0x0000018471680000, 0x0000018471900000, 0x0000018471D00000, 0x0000018471F00000,
        0x0000018471E00000, 0x0000018470C80000, 0x0000018472B80000, 0x0000018474700000, 0x0000014475200000, 0x0000014475300000, 0x0000014475C80000,
        0x0000014475D80000, 0x0000014476580000, 0x0000014476680000, 0x0000014471400000, 0x0000014471500000, 0x0000014472400000, 0x0000014472500000,
        0x000001446E980000, 0x000001446B780000, 0x000001446C500000, 0x000001446C680000, 0x000001446CE80000, 0x000001446BA00000, 0x0000014473D00000,
        0x0000014473E00000, 0x0000014474900000, 0x0000014474A00000, 0x0000014471680000, 0x0000014471900000, 0x0000014471D00000, 0x0000014471F00000,
        0x0000014471E00000, 0x0000014470C80000, 0x0000014472B80000, 0x0000014474700000, 0x000000C471680000, 0x000000C471900000, 0x000000C471D00000,
        0x000000C471F00000, 0x000000C471300000, 0x000000C472300000, 0x000000C474C80000, 0x0000010470200000, 0x0000010470600000, 0x0000010470880000,
        0x0000010471680000, 0x0000010471900000, 0x0000010471D00000, 0x0000010474C80000, 0x0000010475480000, 0x000001446B000000, 0x000001846B000000,
        0x000000C66C300000, 0x000001466C880000, 0x000000C66C880000, 0x000000C66CA00000, 0x000000C66CC80000, 0x000000C66D400000, 0x000000C66D580000,
        0x000000C66D700000, 0x000001466F000000, 0x000000C66F000000, 0x000001466F780000, 0x000001466F600000, 0x000000C670700000, 0x000000C670300000,
        0x0000014670480000, 0x0000014671000000, 0x000000C671000000, 0x000000C670E80000, 0x0000014671180000, 0x000000C671180000, 0x0000014672780000,
        0x000000C672780000, 0x0000014673B80000, 0x0000014671A00000, 0x000000C671A00000, 0x0000014671780000, 0x0000014672000000, 0x000000C672000000,
        0x0000014672180000, 0x000000C672180000, 0x0000014674180000, 0x0000014674580000, 0x000000C674580000, 0x0000014674D80000, 0x000000C674D80000,
        0x000000C674F00000, 0x0000014675080000, 0x0000014675680000, 0x0000014675800000, 0x000000C675800000, 0x0000014675980000, 0x0000014676100000,
        0x0000014676400000, 0x0000014676280000, 0x0000014677580000, 0x000000C677580000, 0x0000014677F80000, 0x0000014678100000, 0x0000014679C00000,
        0x0000014679F00000, 0x0000014679D80000, 0x000000C679680000, 0x0000014679680000, 0x000001467A180000, 0x000000C67A180000, 0x000001467A300000,
        0x000000C67A300000, 0x000000C66F080000, 0x000000C67AD00000, 0x000001467B080000, 0x000000C67A700000, 0x000000C67AA00000, 0x000000C67B200000,
        0x000000C67B380000, 0x000000C67A880000, 0x000000C67D080000, 0x000000C67D200000, 0x000000C67C000000, 0x000001467C180000, 0x000001467BA80000,
        0x000000C67BA80000, 0x000001467BC00000, 0x000001467CA00000, 0x000001467C880000, 0x000001467B600000, 0x000000C67B600000, 0x000001466B980000,
        0x000001466C600000, 0x000001466C480000, 0x000001466CF80000, 0x000001466CE00000, 0x000001466DA00000, 0x000001466D880000, 0x000001466F300000,
        0x000001466E900000, 0x000001466F180000, 0x0000014670980000, 0x0000014672900000, 0x0000014671B80000, 0x0000014674300000, 0x0000014679980000,
        0x000001467A480000, 0x000001467DB00000, 0x000001467D980000, 0x000001467DE80000, 0x000001467B680000, 0x0000014678280000, 0x000001467C300000,
        0x000000C677F80000, 0x000000C679C00000, 0x0000014675B00000, 0x0000014678D80000, 0x000000C67B900000, 0x000001467B500000, 0x000000C679800000,
        0x0000014678C00000, 0x0000014679800000, 0x000001467B900000, 0x000001466EA80000, 0x000001466F480000, 0x000001467AB80000, 0x0000014677800000,
        0x000001466B700000, 0x000000C678C00000, 0x000000C675680000, 0x000000C673B80000, 0x0000014670B00000, 0x000001467BD80000, 0x0000018673900000,
        0x0000018677D00000, 0x000001886AE00000, 0x000001886AC00000, 0x000001887AE80000, 0x0000018872C80000, 0x000001886FD00000, 0x0000018873480000,
        0x0000018873700000, 0x0000018672E80000, 0x000001A473000000, 0x000001906EC00000, 0x0000018870000000, 0x0000028211900000, 0x000002828D600000,
        0x000002828D680000, 0x000002821B180000, 0x000002821B380000, 0x0000028203100000, 0x0000028203300000, 0x000002828EC00000, 0x000002828EC80000,
        0x0000028611A00000, 0x0000028411A00000, 0x0000028289980000, 0x0000028289900000, 0x0000028231700000, 0x0000028203680000, 0x0000028203800000,
        0x0000028249900000, 0x0000028249A00000, 0x000002828DC80000, 0x000002828DE00000, 0x000002828DB00000, 0x000002828DB80000, 0x000002828D800000,
        0x000002828D880000, 0x000002828D700000, 0x000002828D780000, 0x000002828D900000, 0x000002828D980000, 0x000002828DA00000, 0x000002828DA80000,
        0x0000028231500000, 0x0000028231600000, 0x0000040231700000, 0x0000034211900000, 0x000003428D600000, 0x0000034211A00000, 0x000003421B380000,
        0x000003421B180000, 0x0000034203300000, 0x0000034203100000, 0x0000034289980000, 0x0000034203680000, 0x0000034203800000, 0x0000034249900000,
        0x0000034249A00000, 0x000003428DC80000, 0x000003428DE00000, 0x0000034203400000, 0x0000034203580000, 0x0000034211800000, 0x0000034211880000,
        0x0000034211980000, 0x000003421B400000, 0x000003421B900000, 0x000003421B300000, 0x0000034231580000, 0x0000034203480000, 0x0000034203500000,
        0x000003421BC80000, 0x0000018401E00000, 0x0000010476780000, 0x0000018401F00000, 0x0000018402180000, 0x0000018402400000, 0x0000010476880000,
        0x0000018402680000, 0x0000010476B00000, 0x0000018402900000, 0x0000010476D80000, 0x0000018402B80000, 0x0000010477000000, 0x0000018402E00000,
        0x0000010477100000, 0x000001826AB00000, 0x000001846B100000, 0x000001446B100000, 0x000001846B200000, 0x000001446B200000, 0x000001847D680000,
        0x000001447D680000, 0x000001846B300000, 0x000001446B300000, 0x000001847E100000, 0x000001447E100000, 0x000000C47E100000, 0x000001047E100000,
        0x000001826AB80000, 0x000001426AB80000, 0x000001826AD00000, 0x000001426AD00000, 0x000000C26AD00000, 0x000001026AD00000, 0x000001826C100000,
        0x000001426C100000, 0x000001826C180000, 0x000001426C180000, 0x000000C26C180000, 0x000001026C180000, 0x000001826DF80000, 0x000001426DF80000,
        0x000000C26DF80000, 0x000001026DF80000, 0x000001826B580000, 0x000001426B580000, 0x000000C26B580000, 0x000001026B580000, 0x000001826B680000,
        0x000001426B680000, 0x000000C26B680000, 0x000001026B680000, 0x000001826B900000, 0x000001426B900000, 0x000000C26B900000, 0x000001026B900000,
        0x000001826FB00000, 0x000001426FB00000, 0x000001826FB80000, 0x000001426FB80000, 0x000001826AD80000, 0x000001426AD80000, 0x000001826BB80000,
        0x000001426BB80000, 0x000001826FD80000, 0x000001426FD80000, 0x000000C26FD80000, 0x000001026FD80000, 0x0000018271600000, 0x0000014271600000,
        0x000000C271600000, 0x0000010271600000, 0x0000018272600000, 0x0000014272600000, 0x000000C272600000, 0x0000010272600000, 0x0000018273F00000,
        0x0000014273F00000, 0x000000C273F00000, 0x0000010273F00000, 0x0000018274B00000, 0x0000014274B00000, 0x000000C274B00000, 0x0000010274B00000,
        0x0000018275400000, 0x0000014275400000, 0x000000C275400000, 0x0000010275400000, 0x0000018272D80000, 0x0000014272D80000, 0x000000C272D80000,
        0x0000010272D80000, 0x0000018275E80000, 0x0000014275E80000, 0x000000C275E80000, 0x0000010275E80000, 0x0000018277200000, 0x0000014277200000,
        0x000000C277200000, 0x0000010277200000, 0x0000018277B80000, 0x0000014277B80000, 0x000000C277B80000, 0x0000010277B80000, 0x000001826AC80000,
        0x000001426AC80000, 0x000000C26AC80000, 0x000001026AC80000, 0x000001826AE80000, 0x000001426AE80000, 0x000000C26AE80000, 0x000001026AE80000,
        0x000001826BC80000, 0x000001426BC80000, 0x000000C26BC80000, 0x000001026BC80000, 0x000001826BD80000, 0x000001426BD80000, 0x000000C26BD80000,
        0x000001026BD80000, 0x000001826AF80000, 0x000001426AF80000, 0x000000C26AF80000, 0x000001026AF80000, 0x000001826FE00000, 0x000001426FE00000,
        0x000001826BF80000, 0x000001426BF80000, 0x000001826B800000, 0x000001426B800000, 0x000000C26B800000, 0x000001026B800000, 0x0000018679100000,
        0x0000014679100000, 0x0000018679280000, 0x0000014679280000, 0x0000018679400000, 0x0000014679400000, 0x000001846EE00000, 0x000001446EE00000,
        0x000002C203100000, 0x000002C203380000, 0x000002C203400000, 0x000002C203480000, 0x000002C203500000, 0x000002C203580000, 0x000002C203600000,
        0x000002C203680000, 0x000002C203800000, 0x000002C211800000, 0x000002C211880000, 0x000002C211900000, 0x000002C211980000, 0x000002C211A00000,
        0x000002C211B80000, 0x000002C203980000, 0x000002C203780000, 0x000002C203D80000, 0x000002C203F80000, 0x000002C204180000, 0x000002C204380000,
        0x000002C204580000, 0x000002C204780000, 0x000002C204980000, 0x000002C204B80000, 0x000002C21B180000, 0x000002C21B380000, 0x000002C21B400000,
        0x000002C21B300000, 0x000002C21B900000, 0x000002C203300000, 0x000002C21BC80000, 0x000002C205B00000, 0x000002C205C80000, 0x000002C205E00000,
        0x000002C205F80000, 0x000002C206100000, 0x000002C206280000, 0x000002C206400000, 0x000002C206580000, 0x000002C206700000, 0x000002C206880000,
        0x000002C206A00000, 0x000002C206B80000, 0x000002C206D00000, 0x000002C206E80000, 0x000002C207000000, 0x000002C207180000, 0x000002C207300000,
        0x000002C207480000, 0x000002C207600000, 0x000002C207780000, 0x000002C207900000, 0x000002C207A80000, 0x000002C207C00000, 0x000002C207D80000,
        0x000002C207F00000, 0x000002C208080000, 0x000002C231500000, 0x000002C231580000, 0x000002C231600000, 0x000002C231680000, 0x000002C231700000,
        0x000002C231780000, 0x000002C208200000, 0x000002C208380000, 0x000002C208500000, 0x000002C208680000, 0x000002C208800000, 0x000002C208980000,
        0x000002C208B00000, 0x000002C208C80000, 0x000002C208E00000, 0x000002C208F80000, 0x000002C209100000, 0x000002C209280000, 0x000002C209400000,
        0x000002C209580000, 0x000002C209700000, 0x000002C209880000, 0x000002C209A00000, 0x000002C209B80000, 0x000002C209D00000, 0x000002C209E80000,
        0x000002C20A000000, 0x000002C20A180000, 0x000002C20A300000, 0x000002C20A480000, 0x000002C20A600000, 0x000002C20A780000, 0x000002C249900000,
        0x000002C249980000, 0x000002C249A00000, 0x000002C249A80000, 0x000002C28D300000, 0x000002C28D380000, 0x000003028D680000, 0x000003028D900000,
        0x000003028D980000, 0x000003028D600000, 0x000003029D780000, 0x000003029D600000, 0x0000030290A00000, 0x0000030291380000, 0x0000030291880000,
        0x0000030291C00000, 0x0000030291B00000, 0x000003029BF80000, 0x0000030293900000, 0x000003029B380000, 0x0000030292D00000, 0x0000030290C80000,
        0x0000030290A80000, 0x0000030291400000, 0x0000030291900000, 0x0000030291C80000, 0x0000030292200000, 0x0000030292100000, 0x0000030293000000,
        0x0000030291600000, 0x0000030294C00000, 0x0000030294F00000, 0x0000030295500000, 0x0000030295B00000, 0x0000030291D80000, 0x0000030294800000,
        0x0000030296300000, 0x0000030293700000, 0x0000030291800000, 0x0000030296780000, 0x0000030296900000, 0x0000030290D00000, 0x0000030295280000,
        0x0000030291500000, 0x0000030296E80000, 0x0000030294B80000, 0x0000030296E00000, 0x0000030290B80000, 0x0000030297A80000, 0x0000030290E80000,
        0x0000030291080000, 0x0000030295400000, 0x0000030292A00000, 0x000003029B480000, 0x0000030292500000, 0x0000030293F80000, 0x000003029BF00000,
        0x000003029C000000, 0x000003029C400000, 0x000003029C600000, 0x0000030292C80000, 0x0000030292B80000, 0x0000030290E00000, 0x0000030297300000,
        0x0000030292780000, 0x0000030294280000, 0x0000030291000000, 0x0000030202F80000, 0x0000030203080000, 0x0000030286B80000, 0x000003020A900000,
        0x0000030285700000, 0x0000030287800000, 0x000003020AC80000, 0x0000030287880000, 0x0000030287900000, 0x000003020B000000, 0x0000030285780000,
        0x000003020B380000, 0x0000030287980000, 0x0000030287A00000, 0x0000030287A80000, 0x0000030287B00000, 0x0000030287B80000, 0x0000030287C00000,
        0x0000030286000000, 0x000003020B700000, 0x000003020BA80000, 0x0000030285800000, 0x0000030286280000, 0x000003020BE00000, 0x0000030285880000,
        0x000003020C180000, 0x000003020C600000, 0x0000030285C00000, 0x000003020D100000, 0x000003020D480000, 0x000003020D800000, 0x000003020DB80000,
        0x000003020C980000, 0x000003020AB00000, 0x0000030286C00000, 0x0000030286C80000, 0x0000030286D00000, 0x000003020C680000, 0x0000030286D80000,
        0x0000030286E00000, 0x0000030286E80000, 0x000003020C580000, 0x0000030286F00000, 0x0000030286F80000, 0x0000030287000000, 0x0000030287080000,
        0x000003020CA00000, 0x0000030287100000, 0x0000030287180000, 0x0000030287200000, 0x0000030287280000, 0x0000030287300000, 0x0000030285B80000,
        0x0000030287380000, 0x000002C249B00000, 0x000002C249B80000, 0x000002C24A000000, 0x000002C400280000, 0x000002C249C80000, 0x000002C249C00000,
        0x000002C289F00000, 0x000003028D180000, 0x0000030289F80000, 0x000003028A100000, 0x000003028A180000, 0x000003028A300000, 0x000003028D200000,
        0x000003028D280000, 0x00000004BE3097C6, 0x00000004BE4097C8, 0x000002024DD00000, 0x000002024DD80000, 0x000002024A680000, 0x000002024D380000,
        0x000002024B500000, 0x000002024D700000, 0x00000202BE200000, 0x000002024D800000, 0x000002024D780000, 0x000002024B680000, 0x000002024B700000,
        0x0000020289100000, 0x000002024B780000, 0x000002024B980000, 0x000002024DA00000, 0x000002024BC80000, 0x000002024BB80000, 0x000002024BA80000,
        0x000002024D400000, 0x000002024AB80000, 0x000002024D480000, 0x000002024BE00000, 0x000002024CB80000, 0x000002024DA80000, 0x000002024DB00000,
        0x000002024C080000, 0x00000202C1380000, 0x00000202BE080000, 0x000002024C180000, 0x00000202C1400000, 0x000002024CF00000, 0x00000202C1480000,
        0x000002024A980000, 0x000002024C580000, 0x000002024C600000, 0x0000020209A00000, 0x000002024C780000, 0x00000202C1500000, 0x000002024C880000,
        0x000002024C900000, 0x000002024C980000, 0x000002024D980000, 0x000002024D880000, 0x00000202BE280000, 0x000002024D900000, 0x000002024CC00000,
        0x000002028D500000, 0x000002024CF80000, 0x000002024D600000, 0x000002024D680000, 0x000002024D300000, 0x000002024B100000, 0x000002024B180000,
        0x000002024B200000, 0x00000202C1580000, 0x00000202C1600000, 0x00000004BE5097CA, 0x00000004BE6097CC, 0x00000004BE7097CE, 0x00000004BE8097D0,
        0x00000004BE9097D2, 0x00000004BEA097D4, 0x00000004BEB097D6, 0x00000004BEC097D8, 0x00000004BED097DA, 0x00000004BEE097DC, 0x00000004BEF097DE,
        0x00000004BF1097E2, 0x00000004BF0097E0, 0x00000004BF2097E4, 0x00000004BF4097E8, 0x00000004BF3097E6, 0x00000004BF5097EA, 0x00000004BF6097EC,
        0x00000004BF7097EE, 0x00000004BF8097F0, 0x00000004BF9097F2, 0x00000004BFD097FA, 0x00000004BFA897F5, 0x00000004BFE897FD, 0x00000004BFC097F8,
        0x00000006BFA0D7F4, 0x00000006BFE0D7FC, 0x00000006BFB8D7F7, 0x00000004C0109802, 0x00000004BFF897FF, 0x00000006C008D801, 0x0000004205B00000,
        0x0000004206400000, 0x0000004206880000, 0x0000004206A00000, 0x0000004207000000, 0x0000004207600000, 0x0000004207780000, 0x0000004207900000,
        0x0000004207A80000, 0x0000004207C00000, 0x0000004207D80000, 0x0000004207F00000, 0x0000004203980000, 0x0000004203780000, 0x0000004203D80000,
        0x0000004203F80000, 0x0000004204180000, 0x0000004204380000, 0x0000004204580000, 0x0000004204780000, 0x0000004204980000, 0x0000004204B80000,
        0x00000004C0209804, 0x00000004C0309806, 0x00000006C040D808, 0x00000006C058D80B, 0x00000006C070D80E, 0x00000006C088D811, 0x00000006C0A0D814,
        0x00000004C0B89817, 0x00000004C0F8981F, 0x00000006C0C8D819, 0x00000006C108D821, 0x00000006C0E0D81C, 0x00000006C120D824, 0x0000004208200000,
        0x0000004208380000, 0x0000004208500000, 0x0000004208980000, 0x0000004209100000, 0x0000004209400000, 0x0000004209580000, 0x0000004209880000,
        0x0000004209A00000, 0x0000004209B80000, 0x0000004209D00000, 0x0000004209E80000, 0x000000420A000000, 0x000000420A180000, 0x000000420A300000,
        0x000000420A480000, 0x000000420A600000, 0x000000420A780000, 0x000000424AC00000, 0x000000424B300000, 0x000000424DE00000, 0x000000424FD80000,
        0x000000424FE80000, 0x000000424FF00000, 0x0000004250980000, 0x0000004250A00000, 0x0000004252780000, 0x0000004252800000, 0x0000004253880000,
        0x0000004253900000, 0x0000004253980000, 0x0000004253A00000, 0x0000004253A80000, 0x0000004253B00000, 0x0000004254600000, 0x0000004254780000,
        0x0000004254800000, 0x0000004254880000, 0x0000004255380000, 0x0000004255400000, 0x0000004255480000, 0x0000004226C00000, 0x000000428A900000,
        0x0000004257200000, 0x0000004259700000, 0x0000004259800000, 0x0000004259880000, 0x000000425A300000, 0x000000425A380000, 0x000000425C680000,
        0x000000425C700000, 0x000000425DD00000, 0x000000425DD80000, 0x000000425DE00000, 0x000000425E680000, 0x000000425E700000, 0x000000425E780000,
        0x000000425F280000, 0x000000425F500000, 0x000000425F580000, 0x000000425F600000, 0x000000425F680000, 0x0000004260C80000, 0x0000004260D00000,
        0x0000004260D80000, 0x0000004260E00000, 0x000000428A780000, 0x0000004263300000, 0x0000004263380000, 0x0000020264B00000, 0x0000020264D80000,
        0x0000020264E00000, 0x0000020264E80000, 0x0000020265000000, 0x0000020265080000, 0x0000020265400000, 0x0000020265680000, 0x0000020265800000,
        0x0000020265C80000, 0x0000020265E00000, 0x0000020265E80000, 0x0000020265F80000, 0x0000020266100000, 0x0000020266180000, 0x0000020266200000,
        0x0000020266280000, 0x0000020266300000, 0x0000020266780000, 0x0000020266800000, 0x0000020266880000, 0x0000020266900000, 0x0000020266A80000,
        0x0000020266B80000, 0x0000020266D80000, 0x0000020266F00000, 0x00000202BDF00000, 0x0000020267800000, 0x0000020267000000, 0x0000020267180000,
        0x0000020267A80000, 0x0000020267580000, 0x0000020267680000, 0x0000024264B00000, 0x0000024264D80000, 0x0000024264E00000, 0x0000024264E80000,
        0x0000024265000000, 0x0000024265080000, 0x0000024265400000, 0x0000024265680000, 0x0000024265800000, 0x0000024265C80000, 0x0000024265E00000,
        0x0000024265F80000, 0x0000024266100000, 0x0000024266200000, 0x0000024266300000, 0x0000024266780000, 0x0000024266800000, 0x0000024266880000,
        0x0000024266900000, 0x0000024266A80000, 0x0000024266B00000, 0x0000024266B80000, 0x0000024267480000, 0x0000024267000000, 0x0000024266F80000,
        0x0000024267200000, 0x0000020267500000, 0x00000202BDE80000, 0x0000020267600000, 0x000000426AB80000, 0x000000426AD00000, 0x000000426B580000,
        0x000000426FB00000, 0x000000426FE00000, 0x000000426BB80000, 0x000000426B680000, 0x0000004274B00000, 0x000000426B800000, 0x000000426AC80000,
        0x000000426AE80000, 0x000000426BC80000, 0x000000426BD80000, 0x000000426FD80000, 0x0000004272D80000, 0x0000004277200000, 0x0000004272600000,
        0x0000004277B80000, 0x000000426AD80000, 0x0000004271600000, 0x000000426C180000, 0x000000426DF80000, 0x000000426B900000, 0x000000426FB80000,
        0x0000004273F00000, 0x0000004275400000, 0x0000004275E80000, 0x000000427FB00000, 0x0000004280880000, 0x0000004280480000, 0x000000427FB80000,
        0x000000426AF80000, 0x0000040411D00000, 0x0000040411C00000, 0x0000040412080000, 0x0000040416300000, 0x0000040418700000, 0x0000040419780000,
        0x000004041A200000, 0x000004041A800000, 0x000004041AA00000, 0x000004041AD80000, 0x000004041AF80000, 0x0000040605A80000, 0x0000040605C00000,
        0x0000040605D80000, 0x0000040605F00000, 0x0000040606080000, 0x0000040606200000, 0x0000040606380000, 0x0000040606500000, 0x0000040606680000,
        0x0000040606800000, 0x0000040606980000, 0x0000040606B00000, 0x0000040606C80000, 0x0000040606E00000, 0x0000040606F80000, 0x0000040607100000,
        0x0000040607280000, 0x0000040607400000, 0x0000040607580000, 0x0000040607700000, 0x0000040607880000, 0x0000040607A00000, 0x0000040607B80000,
        0x0000040607D00000, 0x0000040607E80000, 0x0000040608000000, 0x000004068DD00000, 0x000001C41E700000, 0x000001C42FB80000, 0x0000038205B00000,
        0x0000038205C80000, 0x0000038205E00000, 0x0000038205F80000, 0x0000038206100000, 0x0000038206280000, 0x0000038206400000, 0x0000038206580000,
        0x0000038206700000, 0x0000038206880000, 0x0000038206A00000, 0x0000038206B80000, 0x0000038206D00000, 0x0000038206E80000, 0x0000038207000000,
        0x0000038207180000, 0x0000038207300000, 0x0000038207480000, 0x0000038207600000, 0x0000038207780000, 0x0000038207900000, 0x0000038207A80000,
        0x0000038207C00000, 0x0000038207D80000, 0x0000038207F00000, 0x0000038208080000, 0x0000038422A80000, 0x000003842B580000, 0x000003842B780000,
        0x000003862A500000, 0x000003842FA80000, 0x0000020426080000, 0x0000020426180000, 0x0000020426580000, 0x000003841F200000, 0x0000038490500000,
        0x0000038494F00000, 0x0000038295500000, 0x00000382A9E80000, 0x00000382A6580000, 0x00000382A3780000, 0x0000038496980000, 0x000003820E880000,
        0x00000382A5980000, 0x00000382B7F00000, 0x00000382A5C80000, 0x00000382A0480000, 0x00000382AB780000, 0x00000382AF200000, 0x00000382AB200000,
        0x00000382A2380000, 0x00000382A8A80000, 0x00000382A1680000, 0x00000382AB300000, 0x00000382A2100000, 0x00000382B3D00000, 0x00000382B0C00000,
        0x00000382B8A00000, 0x00000382A5600000, 0x00000382A3E00000, 0x00000382AE900000, 0x00000382A9F80000, 0x00000382AA500000, 0x000003820E280000,
        0x000003820E580000, 0x00000382B9980000, 0x00000382A7780000, 0x000003829FE00000, 0x00000382A3B00000, 0x00000382AA380000, 0x00000382B8E80000,
        0x000003828E500000, 0x00000382B2800000, 0x00000382B2F80000, 0x00000382A3C00000, 0x00000382AE500000, 0x0000038210200000, 0x0000038210080000,
        0x00000382B0E80000, 0x00000382A2400000, 0x00000382A4780000, 0x00000382BA080000, 0x000004068E780000, 0x000004068DE80000, 0x000004068E000000,
        0x000004068E300000, 0x000004068E900000, 0x000004068E480000, 0x000004068EA80000, 0x000004068E180000, 0x000004068E600000, 0x000001C2A8B00000,
        0x000001C2A3A00000, 0x00000002A0085401, 0x000000029FF853FF, 0x00000002A0185403, 0x00000002C168582D, 0x00000002A0885411, 0x00000002A0B05416,
        0x00000002A0C05418, 0x00000002A0D0541A, 0x00000002A0D8541B, 0x00000002A0E0541C, 0x000000029D9053B2, 0x00000002C1885831, 0x00000002A1205424,
        0x00000002A1285425, 0x00000002A150542A, 0x00000002C170582E, 0x000000029D9853B3, 0x00000002A1385427, 0x00000002A168542D, 0x00000002C1805830,
        0x00000002A1885431, 0x00000002A1985433, 0x00000002A068540D, 0x00000002A1A85435, 0x00000002C478588F, 0x00000002A1E8543D, 0x00000002A1F8543F,
        0x000000029DA853B5, 0x00000002A2285445, 0x00000002A2305446, 0x00000002A2405448, 0x00000002A2485449, 0x000000029DB053B6, 0x00000002A2B05456,
        0x00000002A2B85457, 0x00000002A3005460, 0x00000002A3105462, 0x00000002A3305466, 0x00000002A3405468, 0x00000002A3485469, 0x00000002C1A05834,
        0x00000002AEE855DD, 0x00000002A370546E, 0x00000002A3805470, 0x00000002C1A85835, 0x00000002A3985473, 0x00000002A3A85475, 0x00000002A3B85477,
        0x00000002A4005480, 0x00000002A3D8547B, 0x00000002A3F0547E, 0x00000002A3F8547F, 0x00000002A4085481, 0x00000002A4185483, 0x00000002A4205484,
        0x00000002A4305486, 0x00000002A4405488, 0x00000002A4485489, 0x00000002A468548D, 0x00000002A470548E, 0x00000002A4885491, 0x00000002A4C85499,
        0x00000002A4D0549A, 0x00000002A4A05494, 0x00000002A4B05496, 0x00000002A55854AB, 0x00000002A4E8549D, 0x00000002A4F0549E, 0x00000002A4F8549F,
        0x00000002A4E0549C, 0x00000002A50854A1, 0x00000002A50054A0, 0x00000002A53054A6, 0x00000002C1B05836, 0x00000002A56854AD, 0x00000002A57054AE,
        0x00000002A58054B0, 0x00000002A59854B3, 0x00000002A5A854B5, 0x00000002A5F054BE, 0x00000002C1B85837, 0x00000002C1C05838, 0x00000002A60854C1,
        0x00000002A61054C2, 0x00000002A61854C3, 0x00000002A60054C0, 0x00000002A62854C5, 0x000000029DB853B7, 0x000000029DC053B8, 0x00000002A63854C7,
        0x00000002A64854C9, 0x00000002C1C85839, 0x00000002A67854CF, 0x00000002A68054D0, 0x00000002A69854D3, 0x00000002C1D0583A, 0x00000002A6A854D5,
        0x00000002A6B054D6, 0x00000002A870550E, 0x00000002A6C054D8, 0x000000029DC853B9, 0x00000002A6D854DB, 0x00000002A71054E2, 0x00000002A70854E1,
        0x00000002C1E0583C, 0x00000002A72054E4, 0x00000002C1E8583D, 0x00000002A73854E7, 0x00000002A73054E6, 0x00000002A74054E8, 0x00000002A76054EC,
        0x00000002A76854ED, 0x000000029DD053BA, 0x00000002A78854F1, 0x00000002A79854F3, 0x00000002A7A054F4, 0x00000002A7A854F5, 0x000000029DD853BB,
        0x00000002C1F0583E, 0x000000029DE053BC, 0x00000002A7F054FE, 0x00000002A7F854FF, 0x00000002A8005500, 0x00000002C4C85899, 0x00000002A8405508,
        0x00000002C2005840, 0x00000002B54056A8, 0x00000002A860550C, 0x000000029DE853BD, 0x00000002C2385847, 0x00000002C3885871, 0x00000002A8805510,
        0x00000002A8905512, 0x000000029DF053BE, 0x00000002A8B85517, 0x00000002A8D8551B, 0x00000002A8E0551C, 0x00000002A8F0551E, 0x00000002A9105522,
        0x000000029E0053C0, 0x000000029DF853BF, 0x00000002C2085841, 0x00000002A9205524, 0x00000002A9485529, 0x00000002A950552A, 0x00000002A970552E,
        0x00000002A9985533, 0x00000002A9885531, 0x00000002A9905532, 0x00000002A9A05534, 0x00000002A7C054F8, 0x00000002A9C85539, 0x00000002A9F0553E,
        0x00000002AA005540, 0x00000002AA205544, 0x00000002AA485549, 0x00000002C2205844, 0x00000002AA405548, 0x00000002AA285545, 0x00000002AA58554B,
        0x00000002AA68554D, 0x00000002AA905552, 0x00000002C2285845, 0x00000002AAA05554, 0x00000002AA885551, 0x00000002AA78554F, 0x000000029E0853C1,
        0x00000002AAB05556, 0x00000002AAC05558, 0x00000002AAD0555A, 0x00000002AAB85557, 0x000000029E1053C2, 0x00000002AB005560, 0x00000002C2305846,
        0x00000002AB58556B, 0x00000002ABD8557B, 0x00000002AB905572, 0x000000029E2853C5, 0x000000029E2053C4, 0x000000029E1853C3, 0x00000002A170542E,
        0x00000002A178542F, 0x00000002ABE0557C, 0x00000002ABB05576, 0x00000002B4F8569F, 0x000000029EF053DE, 0x00000002ABF8557F, 0x00000002AC185583,
        0x00000002AC085581, 0x00000002C258584B, 0x000000029E3053C6, 0x00000002AC405588, 0x00000002AC285585, 0x00000002AC78558F, 0x00000002C268584D,
        0x00000002AC905592, 0x00000002AC50558A, 0x00000002ACA05594, 0x00000002ACA85595, 0x00000002ACB05596, 0x00000002ACB85597, 0x00000002ACD0559A,
        0x00000002C270584E, 0x00000002ACE0559C, 0x000000029E4053C8, 0x00000002ACF8559F, 0x00000002C278584F, 0x00000002AD0055A0, 0x000000029E4853C9,
        0x00000002AD1055A2, 0x00000002AD2855A5, 0x00000002AD4855A9, 0x00000002C2805850, 0x00000002C1D8583B, 0x00000002C2885851, 0x00000002AD8055B0,
        0x00000002C2905852, 0x00000002AD9855B3, 0x00000002ADA855B5, 0x00000002AD8855B1, 0x00000002ADC055B8, 0x00000002ADE055BC, 0x00000002ADF055BE,
        0x00000002AE0855C1, 0x00000002AE1055C2, 0x00000002C2985853, 0x00000002ADD855BB, 0x00000002AE4055C8, 0x00000002AE4855C9, 0x000000029E5053CA,
        0x00000002AE6855CD, 0x00000002C2A05854, 0x00000002AE3055C6, 0x00000002AEA855D5, 0x00000002C2A85855, 0x00000002C2B05856, 0x00000002AEB055D6,
        0x00000002AED855DB, 0x00000002AEC855D9, 0x000000029E5853CB, 0x00000002AEE055DC, 0x00000002AEF855DF, 0x00000002AEF055DE, 0x00000002AF0855E1,
        0x00000002C178582F, 0x00000002AF2855E5, 0x00000002C2B85857, 0x00000002AF4055E8, 0x00000002C2C85859, 0x00000002AF6855ED, 0x00000002AFA855F5,
        0x00000002C2D0585A, 0x00000002AFC855F9, 0x00000002AFD055FA, 0x00000002C2D8585B, 0x00000002C2E0585C, 0x00000002B0085601, 0x00000002B0285605,
        0x000000029E6053CC, 0x00000002B0305606, 0x000000029E6853CD, 0x00000002B060560C, 0x00000002B068560D, 0x00000002B0805610, 0x00000002B0985613,
        0x000000029E7053CE, 0x00000002B0C85619, 0x00000002C2E8585D, 0x00000002B1005620, 0x00000002C2F0585E, 0x00000002C1F8583F, 0x00000002B1385627,
        0x00000002C2F8585F, 0x00000002C3005860, 0x00000002C3085861, 0x000000029E7853CF, 0x000000029E8053D0, 0x00000002C3185863, 0x00000002C3105862,
        0x00000002C3205864, 0x00000002C3285865, 0x00000002B1B05636, 0x00000002B1B85637, 0x00000002B1D0563A, 0x000000029E9853D3, 0x000000029EA053D4,
        0x00000002C3385867, 0x00000002B1F8563F, 0x000000029EA853D5, 0x00000002C3405868, 0x00000002C3485869, 0x00000002C350586A, 0x00000002B2C85659,
        0x000000029EB053D6, 0x00000002B2E0565C, 0x00000002B2E8565D, 0x00000002C358586B, 0x00000002C360586C, 0x00000002B3185663, 0x000000029EB853D7,
        0x00000002C368586D, 0x00000002B3405668, 0x00000002B3485669, 0x000000029EC053D8, 0x00000002C370586E, 0x00000002B3805670, 0x000000029EC853D9,
        0x00000002B3A05674, 0x00000002B3905672, 0x00000002B3B05676, 0x00000002C3805870, 0x00000002B3E0567C, 0x000000029ED053DA, 0x00000002B3F8567F,
        0x00000002B4085681, 0x00000002B4285685, 0x000000029ED853DB, 0x00000002C3905872, 0x00000002C3985873, 0x000000029EE053DC, 0x00000002C3A05874,
        0x00000002B458568B, 0x00000002C3A85875, 0x00000002B470568E, 0x00000002B4885691, 0x00000002C3B05876, 0x00000002C3B85877, 0x00000002B4C05698,
        0x00000002C3C05878, 0x00000002B4D0569A, 0x00000002C2405848, 0x000000029EE853DD, 0x00000002B50056A0, 0x00000002B50856A1, 0x000000029EF853DF,
        0x00000002B51056A2, 0x00000002A63054C6, 0x00000002C3C85879, 0x00000002C3D0587A, 0x00000002C2485849, 0x00000002C250584A, 0x00000002B54856A9,
        0x00000002B968572D, 0x000000029F0053E0, 0x00000002B5A056B4, 0x00000002B59856B3, 0x00000002B5A856B5, 0x00000002A268544D, 0x00000002B5B056B6,
        0x00000002B5B856B7, 0x00000002B5C056B8, 0x00000002B5D056BA, 0x00000002C3D8587B, 0x00000002B5D856BB, 0x00000002B60056C0, 0x00000002B60856C1,
        0x00000002B5E056BC, 0x00000002B61056C2, 0x00000002B63856C7, 0x00000002B5F856BF, 0x00000002B62056C4, 0x00000002B62856C5, 0x00000002B63056C6,
        0x00000002C3E0587C, 0x00000002C3F0587E, 0x00000002C3E8587D, 0x000000029F0853E1, 0x00000002B67056CE, 0x00000002B67856CF, 0x00000002B68856D1,
        0x00000002C4105882, 0x00000002B69056D2, 0x00000002C3F8587F, 0x000000029F1053E2, 0x000000029F1853E3, 0x00000002C4005880, 0x00000002C4085881,
        0x000000029F2053E4, 0x00000002B6D056DA, 0x00000002B6E056DC, 0x00000002B6E856DD, 0x00000002B70056E0, 0x00000002B6F856DF, 0x00000002B71056E2,
        0x00000002B70856E1, 0x00000002B71856E3, 0x00000002B72056E4, 0x00000002B73056E6, 0x000000029F2853E5, 0x00000002B74056E8, 0x00000002B74856E9,
        0x000000029F3053E6, 0x00000002B76856ED, 0x00000002B77056EE, 0x00000002C4185883, 0x00000002B78856F1, 0x00000002B79056F2, 0x000000029F3853E7,
        0x00000002B7A856F5, 0x000000029DA053B4, 0x00000002C4205884, 0x00000002C4285885, 0x000000029F4053E8, 0x000000029F4853E9, 0x00000002B8005700,
        0x00000002B8885711, 0x00000002C4305886, 0x00000002B8A85715, 0x00000002B8B05716, 0x00000002B8D8571B, 0x00000002B8F0571E, 0x00000002C4405888,
        0x00000002C1905832, 0x00000002B9085721, 0x00000002B9005720, 0x00000002B9185723, 0x00000002C1985833, 0x00000002B9305726, 0x00000002C4485889,
        0x00000002C450588A, 0x00000002B9C85739, 0x00000002B9E0573C, 0x00000002B9F0573E, 0x00000002C458588B, 0x00000002B9F8573F, 0x00000002BA485749,
        0x00000002BA60574C, 0x00000002BA68574D, 0x00000002BA58574B, 0x00000002BA805750, 0x00000002BA885751, 0x00000002C460588C, 0x00000002BAA05754,
        0x000000029F5053EA, 0x00000002BAB05756, 0x00000002C468588D, 0x000000029F5853EB, 0x00000002BB205764, 0x00000002A74854E9, 0x00000002BB50576A,
        0x00000002C470588E, 0x00000002C4805890, 0x000000029F6053EC, 0x000000029F6853ED, 0x00000002BBA05774, 0x00000002C4885891, 0x000000029F7053EE,
        0x00000002C4905892, 0x00000002BBE0577C, 0x00000002C4985893, 0x00000002BC105782, 0x000000029F7853EF, 0x00000002BC305786, 0x00000002BC485789,
        0x00000002BC58578B, 0x00000002BC68578D, 0x000000029F8053F0, 0x00000002C4A05894, 0x00000002BCC85799, 0x00000002BCE0579C, 0x000000029F8853F1,
        0x000000029F9053F2, 0x00000002BCE8579D, 0x00000002C4A85895, 0x000000029F9853F3, 0x00000002C4B05896, 0x00000002C4B85897, 0x00000002C4C05898,
        0x00000002BD3057A6, 0x000000029FA053F4, 0x00000002BD5857AB, 0x00000002BD6857AD, 0x00000002BD7057AE, 0x00000002BD8057B0, 0x00000002BD9057B2,
        0x00000002BDA057B4, 0x00000002C4D0589A
    };

    // 25'196 bytes
    inline constexpr std::array<std::uint32_t, 6299> mappings{
        0x00000020, 0x00000020, 0x00000301, 0x00000020, 0x00000303, 0x00000020, 0x00000304, 0x00000020, 0x00000305, 0x00000020, 0x00000306,
        0x00000020, 0x00000307, 0x00000020, 0x00000308, 0x00000020, 0x00000308, 0x00000300, 0x00000020, 0x00000308, 0x00000301, 0x00000020,
        0x00000308, 0x00000342, 0x00000020, 0x0000030A, 0x00000020, 0x0000030B, 0x00000020, 0x00000313, 0x00000020, 0x00000313, 0x00000300,
        0x00000020, 0x00000313, 0x00000301, 0x00000020, 0x00000313, 0x00000342, 0x00000020, 0x00000314, 0x00000020, 0x00000314, 0x00000300,
        0x00000020, 0x00000314, 0x00000301, 0x00000020, 0x00000314, 0x00000342, 0x00000020, 0x00000327, 0x00000020, 0x00000328, 0x00000020,
        0x00000333, 0x00000020, 0x00000342, 0x00000020, 0x00000345, 0x00000020, 0x0000064B, 0x00000020, 0x0000064C, 0x00000020, 0x0000064C,
        0x00000651, 0x00000020, 0x0000064D, 0x00000020, 0x0000064D, 0x00000651, 0x00000020, 0x0000064E, 0x00000020, 0x0000064E, 0x00000651,
        0x00000020, 0x0000064F, 0x00000020, 0x0000064F, 0x00000651, 0x00000020, 0x00000650, 0x00000020, 0x00000650, 0x00000651, 0x00000020,
        0x00000651, 0x00000020, 0x00000651, 0x00000670, 0x00000020, 0x00000652, 0x00000020, 0x00003099, 0x00000020, 0x0000309A, 0x00000021,
        0x00000021, 0x00000021, 0x00000021, 0x0000003F, 0x00000022, 0x00000023, 0x00000024, 0x00000025, 0x00000026, 0x00000027, 0x00000028,
        0x00000028, 0x00000031, 0x00000029, 0x00000028, 0x00000031, 0x00000030, 0x00000029, 0x00000028, 0x00000031, 0x00000031, 0x00000029,
        0x00000028, 0x00000031, 0x00000032, 0x00000029, 0x00000028, 0x00000031, 0x00000033, 0x00000029, 0x00000028, 0x00000031, 0x00000034,
        0x00000029, 0x00000028, 0x00000031, 0x00000035, 0x00000029, 0x00000028, 0x00000031, 0x00000036, 0x00000029, 0x00000028, 0x00000031,
        0x00000037, 0x00000029, 0x00000028, 0x00000031, 0x00000038, 0x00000029, 0x00000028, 0x00000031, 0x00000039, 0x00000029, 0x00000028,
        0x00000032, 0x00000029, 0x00000028, 0x00000032, 0x00000030, 0x00000029, 0x00000028, 0x00000033, 0x00000029, 0x00000028, 0x00000034,
        0x00000029, 0x00000028, 0x00000035, 0x00000029, 0x00000028, 0x00000036, 0x00000029, 0x00000028, 0x00000037, 0x00000029, 0x00000028,
        0x00000038, 0x00000029, 0x00000028, 0x00000039, 0x00000029, 0x00000028, 0x00000041, 0x00000029, 0x00000028, 0x00000042, 0x00000029,
        0x00000028, 0x00000043, 0x00000029, 0x00000028, 0x00000044, 0x00000029, 0x00000028, 0x00000045, 0x00000029, 0x00000028, 0x00000046,
        0x00000029, 0x00000028, 0x00000047, 0x00000029, 0x00000028, 0x00000048, 0x00000029, 0x00000028, 0x00000049, 0x00000029, 0x00000028,
        0x0000004A, 0x00000029, 0x00000028, 0x0000004B, 0x00000029, 0x00000028, 0x0000004C, 0x00000029, 0x00000028, 0x0000004D, 0x00000029,
        0x00000028, 0x0000004E, 0x00000029, 0x00000028, 0x0000004F, 0x00000029, 0x00000028, 0x00000050, 0x00000029, 0x00000028, 0x00000051,
        0x00000029, 0x00000028, 0x00000052, 0x00000029, 0x00000028, 0x00000053, 0x00000029, 0x00000028, 0x00000054, 0x00000029, 0x00000028,
        0x00000055, 0x00000029, 0x00000028, 0x00000056, 0x00000029, 0x00000028, 0x00000057, 0x00000029, 0x00000028, 0x00000058, 0x00000029,
        0x00000028, 0x00000059, 0x00000029, 0x00000028, 0x0000005A, 0x00000029, 0x00000028, 0x00000061, 0x00000029, 0x00000028, 0x00000062,
        0x00000029, 0x00000028, 0x00000063, 0x00000029, 0x00000028, 0x00000064, 0x00000029, 0x00000028, 0x00000065, 0x00000029, 0x00000028,
        0x00000066, 0x00000029, 0x00000028, 0x00000067, 0x00000029, 0x00000028, 0x00000068, 0x00000029, 0x00000028, 0x00000069, 0x00000029,
        0x00000028, 0x0000006A, 0x00000029, 0x00000028, 0x0000006B, 0x00000029, 0x00000028, 0x0000006C, 0x00000029, 0x00000028, 0x0000006D,
        0x00000029, 0x00000028, 0x0000006E, 0x00000029, 0x00000028, 0x0000006F, 0x00000029, 0x00000028, 0x00000070, 0x00000029, 0x00000028,
        0x00000071, 0x00000029, 0x00000028, 0x00000072, 0x00000029, 0x00000028, 0x00000073, 0x00000029, 0x00000028, 0x00000074, 0x00000029,
        0x00000028, 0x00000075, 0x00000029, 0x00000028, 0x00000076, 0x00000029, 0x00000028, 0x00000077, 0x00000029, 0x00000028, 0x00000078,
        0x00000029, 0x00000028, 0x00000079, 0x00000029, 0x00000028, 0x0000007A, 0x00000029, 0x00000028, 0x00001100, 0x00000029, 0x00000028,
        0x00001100, 0x00001161, 0x00000029, 0x00000028, 0x00001102, 0x00000029, 0x00000028, 0x00001102, 0x00001161, 0x00000029, 0x00000028,
        0x00001103, 0x00000029, 0x00000028, 0x00001103, 0x00001161, 0x00000029, 0x00000028, 0x00001105, 0x00000029, 0x00000028, 0x00001105,
        0x00001161, 0x00000029, 0x00000028, 0x00001106, 0x00000029, 0x00000028, 0x00001106, 0x00001161, 0x00000029, 0x00000028, 0x00001107,
        0x00000029, 0x00000028, 0x00001107, 0x00001161, 0x00000029, 0x00000028, 0x00001109, 0x00000029, 0x00000028, 0x00001109, 0x00001161,
        0x00000029, 0x00000028, 0x0000110B, 0x00000029, 0x00000028, 0x0000110B, 0x00001161, 0x00000029, 0x00000028, 0x0000110B, 0x00001169,
        0x0000110C, 0x00001165, 0x000011AB, 0x00000029, 0x00000028, 0x0000110B, 0x00001169, 0x00001112, 0x0000116E, 0x00000029, 0x00000028,
        0x0000110C, 0x00000029, 0x00000028, 0x0000110C, 0x00001161, 0x00000029, 0x00000028, 0x0000110C, 0x0000116E, 0x00000029, 0x00000028,
        0x0000110E, 0x00000029, 0x00000028, 0x0000110E, 0x00001161, 0x00000029, 0x00000028, 0x0000110F, 0x00000029, 0x00000028, 0x0000110F,
        0x00001161, 0x00000029, 0x00000028, 0x00001110, 0x00000029, 0x00000028, 0x00001110, 0x00001161, 0x00000029, 0x00000028, 0x00001111,
        0x00000029, 0x00000028, 0x00001111, 0x00001161, 0x00000029, 0x00000028, 0x00001112, 0x00000029, 0x00000028, 0x00001112, 0x00001161,
        0x00000029, 0x00000028, 0x00004E00, 0x00000029, 0x00000028, 0x00004E03, 0x00000029, 0x00000028, 0x00004E09, 0x00000029, 0x00000028,
        0x00004E5D, 0x00000029, 0x00000028, 0x00004E8C, 0x00000029, 0x00000028, 0x00004E94, 0x00000029, 0x00000028, 0x00004EE3, 0x00000029,
        0x00000028, 0x00004F01, 0x00000029, 0x00000028, 0x00004F11, 0x00000029, 0x00000028, 0x0000516B, 0x00000029, 0x00000028, 0x0000516D,
        0x00000029, 0x00000028, 0x000052B4, 0x00000029, 0x00000028, 0x00005341, 0x00000029, 0x00000028, 0x00005354, 0x00000029, 0x00000028,
        0x0000540D, 0x00000029, 0x00000028, 0x0000547C, 0x00000029, 0x00000028, 0x000056DB, 0x00000029, 0x00000028, 0x0000571F, 0x00000029,
        0x00000028, 0x00005B66, 0x00000029, 0x00000028, 0x000065E5, 0x00000029, 0x00000028, 0x00006708, 0x00000029, 0x00000028, 0x00006709,
        0x00000029, 0x00000028, 0x00006728, 0x00000029, 0x00000028, 0x0000682A, 0x00000029, 0x00000028, 0x00006C34, 0x00000029, 0x00000028,
        0x0000706B, 0x00000029, 0x00000028, 0x00007279, 0x00000029, 0x00000028, 0x000076E3, 0x00000029, 0x00000028, 0x0000793E, 0x00000029,
        0x00000028, 0x0000795D, 0x00000029, 0x00000028, 0x0000796D, 0x00000029, 0x00000028, 0x000081EA, 0x00000029, 0x00000028, 0x000081F3,
        0x00000029, 0x00000028, 0x00008CA1, 0x00000029, 0x00000028, 0x00008CC7, 0x00000029, 0x00000028, 0x000091D1, 0x00000029, 0x0000002A,
        0x0000002B, 0x0000002C, 0x0000002D, 0x0000002E, 0x0000002E, 0x0000002E, 0x0000002F, 0x00000030, 0x0000002C, 0x00000030, 0x0000002E,
        0x00000030, 0x00002044, 0x00000033, 0x00000030, 0x000070B9, 0x00000031, 0x0000002C, 0x00000031, 0x0000002E, 0x00000031, 0x00000030,
        0x0000002E, 0x00000031, 0x00000030, 0x000065E5, 0x00000031, 0x00000030, 0x00006708, 0x00000031, 0x00000030, 0x000070B9, 0x00000031,
        0x00000031, 0x0000002E, 0x00000031, 0x00000031, 0x000065E5, 0x00000031, 0x00000031, 0x00006708, 0x00000031, 0x00000031, 0x000070B9,
        0x00000031, 0x00000032, 0x0000002E, 0x00000031, 0x00000032, 0x000065E5, 0x00000031, 0x00000032, 0x00006708, 0x00000031, 0x00000032,
        0x000070B9, 0x00000031, 0x00000033, 0x0000002E, 0x00000031, 0x00000033, 0x000065E5, 0x00000031, 0x00000033, 0x000070B9, 0x00000031,
        0x00000034, 0x0000002E, 0x00000031, 0x00000034, 0x000065E5, 0x00000031, 0x00000034, 0x000070B9, 0x00000031, 0x00000035, 0x0000002E,
        0x00000031, 0x00000035, 0x000065E5, 0x00000031, 0x00000035, 0x000070B9, 0x00000031, 0x00000036, 0x0000002E, 0x00000031, 0x00000036,
        0x000065E5, 0x00000031, 0x00000036, 0x000070B9, 0x00000031, 0x00000037, 0x0000002E, 0x00000031, 0x00000037, 0x000065E5, 0x00000031,
        0x00000037, 0x000070B9, 0x00000031, 0x00000038, 0x0000002E, 0x00000031, 0x00000038, 0x000065E5, 0x00000031, 0x00000038, 0x000070B9,
        0x00000031, 0x00000039, 0x0000002E, 0x00000031, 0x00000039, 0x000065E5, 0x00000031, 0x00000039, 0x000070B9, 0x00000031, 0x00002044,
        0x00000031, 0x00002044, 0x00000031, 0x00000030, 0x00000031, 0x00002044, 0x00000032, 0x00000031, 0x00002044, 0x00000033, 0x00000031,
        0x00002044, 0x00000034, 0x00000031, 0x00002044, 0x00000035, 0x00000031, 0x00002044, 0x00000036, 0x00000031, 0x00002044, 0x00000037,
        0x00000031, 0x00002044, 0x00000038, 0x00000031, 0x00002044, 0x00000039, 0x00000032, 0x0000002C, 0x00000032, 0x00000030, 0x0000002E,
        0x00000032, 0x00000030, 0x000065E5, 0x00000032, 0x00000030, 0x000070B9, 0x00000032, 0x00000031, 0x000065E5, 0x00000032, 0x00000031,
        0x000070B9, 0x00000032, 0x00000032, 0x00000032, 0x00000032, 0x000065E5, 0x00000032, 0x00000032, 0x000070B9, 0x00000032, 0x00000033,
        0x00000032, 0x00000033, 0x000065E5, 0x00000032, 0x00000033, 0x000070B9, 0x00000032, 0x00000034, 0x00000032, 0x00000034, 0x000065E5,
        0x00000032, 0x00000034, 0x000070B9, 0x00000032, 0x00000035, 0x00000032, 0x00000035, 0x000065E5, 0x00000032, 0x00000036, 0x00000032,
        0x00000036, 0x000065E5, 0x00000032, 0x00000037, 0x00000032, 0x00000037, 0x000065E5, 0x00000032, 0x00000038, 0x00000032, 0x00000038,
        0x000065E5, 0x00000032, 0x00000039, 0x00000032, 0x00000039, 0x000065E5, 0x00000032, 0x00002044, 0x00000033, 0x00000032, 0x00002044,
        0x00000035, 0x00000033, 0x0000002C, 0x00000033, 0x00000030, 0x000065E5, 0x00000033, 0x00000031, 0x000065E5, 0x00000033, 0x00000033,
        0x00000033, 0x00000034, 0x00000033, 0x00000035, 0x00000033, 0x00000036, 0x00000033, 0x00000037, 0x00000033, 0x00000038, 0x00000033,
        0x00000039, 0x00000033, 0x00002044, 0x00000034, 0x00000033, 0x00002044, 0x00000035, 0x00000033, 0x00002044, 0x00000038, 0x00000033,
        0x00006708, 0x00000034, 0x0000002C, 0x00000034, 0x00000030, 0x00000034, 0x00000034, 0x00000034, 0x00000035, 0x00000034, 0x00000036,
        0x00000034, 0x00000037, 0x00000034, 0x00000038, 0x00000034, 0x00000039, 0x00000034, 0x00002044, 0x00000035, 0x00000034, 0x00006708,
        0x00000035, 0x0000002C, 0x00000035, 0x00000030, 0x00000035, 0x00002044, 0x00000036, 0x00000035, 0x00002044, 0x00000038, 0x00000035,
        0x00006708, 0x00000036, 0x0000002C, 0x00000036, 0x00006708, 0x00000037, 0x0000002C, 0x00000037, 0x00002044, 0x00000038, 0x00000037,
        0x00006708, 0x00000038, 0x0000002C, 0x00000038, 0x00006708, 0x00000039, 0x0000002C, 0x00000039, 0x00006708, 0x0000003A, 0x0000003A,
        0x0000003A, 0x0000003D, 0x0000003B, 0x0000003C, 0x0000003C, 0x00000338, 0x0000003D, 0x0000003D, 0x0000003D, 0x0000003D, 0x0000003D,
        0x0000003D, 0x00000338, 0x0000003E, 0x0000003E, 0x00000338, 0x0000003F, 0x00000021, 0x0000003F, 0x0000003F, 0x00000040, 0x00000041,
        0x00000055, 0x00000041, 0x00000300, 0x00000041, 0x00000301, 0x00000041, 0x00000302, 0x00000041, 0x00000302, 0x00000300, 0x00000041,
        0x00000302, 0x00000301, 0x00000041, 0x00000302, 0x00000303, 0x00000041, 0x00000302, 0x00000309, 0x00000041, 0x00000303, 0x00000041,
        0x00000304, 0x00000041, 0x00000306, 0x00000041, 0x00000306, 0x00000300, 0x00000041, 0x00000306, 0x00000301, 0x00000041, 0x00000306,
        0x00000303, 0x00000041, 0x00000306, 0x00000309, 0x00000041, 0x00000307, 0x00000041, 0x00000307, 0x00000304, 0x00000041, 0x00000308,
        0x00000041, 0x00000308, 0x00000304, 0x00000041, 0x00000309, 0x00000041, 0x0000030A, 0x00000041, 0x0000030A, 0x00000301, 0x00000041,
        0x0000030C, 0x00000041, 0x0000030F, 0x00000041, 0x00000311, 0x00000041, 0x00000323, 0x00000041, 0x00000323, 0x00000302, 0x00000041,
        0x00000323, 0x00000306, 0x00000041, 0x00000325, 0x00000041, 0x00000328, 0x00000041, 0x00002215, 0x0000006D, 0x00000042, 0x00000071,
        0x00000042, 0x00000307, 0x00000042, 0x00000323, 0x00000042, 0x00000331, 0x00000043, 0x00000044, 0x00000043, 0x0000006F, 0x0000002E,
        0x00000043, 0x00000301, 0x00000043, 0x00000302, 0x00000043, 0x00000307, 0x00000043, 0x0000030C, 0x00000043, 0x00000327, 0x00000043,
        0x00000327, 0x00000301, 0x00000043, 0x00002215, 0x0000006B, 0x00000067, 0x00000044, 0x0000004A, 0x00000044, 0x0000005A, 0x00000044,
        0x0000005A, 0x0000030C, 0x00000044, 0x0000007A, 0x00000044, 0x0000007A, 0x0000030C, 0x00000044, 0x00000307, 0x00000044, 0x0000030C,
        0x00000044, 0x00000323, 0x00000044, 0x00000327, 0x00000044, 0x0000032D, 0x00000044, 0x00000331, 0x00000045, 0x00000300, 0x00000045,
        0x00000301, 0x00000045, 0x00000302, 0x00000045, 0x00000302, 0x00000300, 0x00000045, 0x00000302, 0x00000301, 0x00000045, 0x00000302,
        0x00000303, 0x00000045, 0x00000302, 0x00000309, 0x00000045, 0x00000303, 0x00000045, 0x00000304, 0x00000045, 0x00000304, 0x00000300,
        0x00000045, 0x00000304, 0x00000301, 0x00000045, 0x00000306, 0x00000045, 0x00000307, 0x00000045, 0x00000308, 0x00000045, 0x00000309,
        0x00000045, 0x0000030C, 0x00000045, 0x0000030F, 0x00000045, 0x00000311, 0x00000045, 0x00000323, 0x00000045, 0x00000323, 0x00000302,
        0x00000045, 0x00000327, 0x00000045, 0x00000327, 0x00000306, 0x00000045, 0x00000328, 0x00000045, 0x0000032D, 0x00000045, 0x00000330,
        0x00000046, 0x00000041, 0x00000058, 0x00000046, 0x00000307, 0x00000047, 0x00000042, 0x00000047, 0x00000048, 0x0000007A, 0x00000047,
        0x00000050, 0x00000061, 0x00000047, 0x00000079, 0x00000047, 0x00000301, 0x00000047, 0x00000302, 0x00000047, 0x00000304, 0x00000047,
        0x00000306, 0x00000047, 0x00000307, 0x00000047, 0x0000030C, 0x00000047, 0x00000327, 0x00000048, 0x00000050, 0x00000048, 0x00000056,
        0x00000048, 0x00000067, 0x00000048, 0x00000302, 0x00000048, 0x00000307, 0x00000048, 0x00000308, 0x00000048, 0x0000030C, 0x00000048,
        0x00000323, 0x00000048, 0x00000327, 0x00000048, 0x0000032E, 0x00000049, 0x00000049, 0x00000049, 0x00000049, 0x00000049, 0x00000049,
        0x0000004A, 0x00000049, 0x00000055, 0x00000049, 0x00000056, 0x00000049, 0x00000058, 0x00000049, 0x00000300, 0x00000049, 0x00000301,
        0x00000049, 0x00000302, 0x00000049, 0x00000303, 0x00000049, 0x00000304, 0x00000049, 0x00000306, 0x00000049, 0x00000307, 0x00000049,
        0x00000308, 0x00000049, 0x00000308, 0x00000301, 0x00000049, 0x00000309, 0x00000049, 0x0000030C, 0x00000049, 0x0000030F, 0x00000049,
        0x00000311, 0x00000049, 0x00000323, 0x00000049, 0x00000328, 0x00000049, 0x00000330, 0x0000004A, 0x00000302, 0x0000004B, 0x00000042,
        0x0000004B, 0x0000004B, 0x0000004B, 0x0000004D, 0x0000004B, 0x00000301, 0x0000004B, 0x0000030C, 0x0000004B, 0x00000323, 0x0000004B,
        0x00000327, 0x0000004B, 0x00000331, 0x0000004C, 0x0000004A, 0x0000004C, 0x00000054, 0x00000044, 0x0000004C, 0x0000006A, 0x0000004C,
        0x000000B7, 0x0000004C, 0x00000301, 0x0000004C, 0x0000030C, 0x0000004C, 0x00000323, 0x0000004C, 0x00000323, 0x00000304, 0x0000004C,
        0x00000327, 0x0000004C, 0x0000032D, 0x0000004C, 0x00000331, 0x0000004D, 0x00000042, 0x0000004D, 0x00000043, 0x0000004D, 0x00000044,
        0x0000004D, 0x00000048, 0x0000007A, 0x0000004D, 0x00000050, 0x00000061, 0x0000004D, 0x00000052, 0x0000004D, 0x00000056, 0x0000004D,
        0x00000057, 0x0000004D, 0x00000301, 0x0000004D, 0x00000307, 0x0000004D, 0x00000323, 0x0000004D, 0x000003A9, 0x0000004E, 0x0000004A,
        0x0000004E, 0x0000006A, 0x0000004E, 0x0000006F, 0x0000004E, 0x00000300, 0x0000004E, 0x00000301, 0x0000004E, 0x00000303, 0x0000004E,
        0x00000307, 0x0000004E, 0x0000030C, 0x0000004E, 0x00000323, 0x0000004E, 0x00000327, 0x0000004E, 0x0000032D, 0x0000004E, 0x00000331,
        0x0000004F, 0x00000300, 0x0000004F, 0x00000301, 0x0000004F, 0x00000302, 0x0000004F, 0x00000302, 0x00000300, 0x0000004F, 0x00000302,
        0x00000301, 0x0000004F, 0x00000302, 0x00000303, 0x0000004F, 0x00000302, 0x00000309, 0x0000004F, 0x00000303, 0x0000004F, 0x00000303,
        0x00000301, 0x0000004F, 0x00000303, 0x00000304, 0x0000004F, 0x00000303, 0x00000308, 0x0000004F, 0x00000304, 0x0000004F, 0x00000304,
        0x00000300, 0x0000004F, 0x00000304, 0x00000301, 0x0000004F, 0x00000306, 0x0000004F, 0x00000307, 0x0000004F, 0x00000307, 0x00000304,
        0x0000004F, 0x00000308, 0x0000004F, 0x00000308, 0x00000304, 0x0000004F, 0x00000309, 0x0000004F, 0x0000030B, 0x0000004F, 0x0000030C,
        0x0000004F, 0x0000030F, 0x0000004F, 0x00000311, 0x0000004F, 0x0000031B, 0x0000004F, 0x0000031B, 0x00000300, 0x0000004F, 0x0000031B,
        0x00000301, 0x0000004F, 0x0000031B, 0x00000303, 0x0000004F, 0x0000031B, 0x00000309, 0x0000004F, 0x0000031B, 0x00000323, 0x0000004F,
        0x00000323, 0x0000004F, 0x00000323, 0x00000302, 0x0000004F, 0x00000328, 0x0000004F, 0x00000328, 0x00000304, 0x00000050, 0x00000050,
        0x0000004D, 0x00000050, 0x00000050, 0x00000056, 0x00000050, 0x00000052, 0x00000050, 0x00000054, 0x00000045, 0x00000050, 0x00000301,
        0x00000050, 0x00000307, 0x00000052, 0x00000073, 0x00000052, 0x00000301, 0x00000052, 0x00000307, 0x00000052, 0x0000030C, 0x00000052,
        0x0000030F, 0x00000052, 0x00000311, 0x00000052, 0x00000323, 0x00000052, 0x00000323, 0x00000304, 0x00000052, 0x00000327, 0x00000052,
        0x00000331, 0x00000053, 0x00000044, 0x00000053, 0x0000004D, 0x00000053, 0x00000053, 0x00000053, 0x00000076, 0x00000053, 0x00000301,
        0x00000053, 0x00000301, 0x00000307, 0x00000053, 0x00000302, 0x00000053, 0x00000307, 0x00000053, 0x0000030C, 0x00000053, 0x0000030C,
        0x00000307, 0x00000053, 0x00000323, 0x00000053, 0x00000323, 0x00000307, 0x00000053, 0x00000326, 0x00000053, 0x00000327, 0x00000054,
        0x00000045, 0x0000004C, 0x00000054, 0x00000048, 0x0000007A, 0x00000054, 0x0000004D, 0x00000054, 0x00000307, 0x00000054, 0x0000030C,
        0x00000054, 0x00000323, 0x00000054, 0x00000326, 0x00000054, 0x00000327, 0x00000054, 0x0000032D, 0x00000054, 0x00000331, 0x00000055,
        0x00000300, 0x00000055, 0x00000301, 0x00000055, 0x00000302, 0x00000055, 0x00000303, 0x00000055, 0x00000303, 0x00000301, 0x00000055,
        0x00000304, 0x00000055, 0x00000304, 0x00000308, 0x00000055, 0x00000306, 0x00000055, 0x00000308, 0x00000055, 0x00000308, 0x00000300,
        0x00000055, 0x00000308, 0x00000301, 0x00000055, 0x00000308, 0x00000304, 0x00000055, 0x00000308, 0x0000030C, 0x00000055, 0x00000309,
        0x00000055, 0x0000030A, 0x00000055, 0x0000030B, 0x00000055, 0x0000030C, 0x00000055, 0x0000030F, 0x00000055, 0x00000311, 0x00000055,
        0x0000031B, 0x00000055, 0x0000031B, 0x00000300, 0x00000055, 0x0000031B, 0x00000301, 0x00000055, 0x0000031B, 0x00000303, 0x00000055,
        0x0000031B, 0x00000309, 0x00000055, 0x0000031B, 0x00000323, 0x00000055, 0x00000323, 0x00000055, 0x00000324, 0x00000055, 0x00000328,
        0x00000055, 0x0000032D, 0x00000055, 0x00000330, 0x00000056, 0x00000049, 0x00000049, 0x00000056, 0x00000049, 0x00000049, 0x00000049,
        0x00000056, 0x00000303, 0x00000056, 0x00000323, 0x00000056, 0x00002215, 0x0000006D, 0x00000057, 0x00000043, 0x00000057, 0x0000005A,
        0x00000057, 0x00000062, 0x00000057, 0x00000300, 0x00000057, 0x00000301, 0x00000057, 0x00000302, 0x00000057, 0x00000307, 0x00000057,
        0x00000308, 0x00000057, 0x00000323, 0x00000058, 0x00000049, 0x00000049, 0x00000058, 0x00000307, 0x00000058, 0x00000308, 0x00000059,
        0x00000300, 0x00000059, 0x00000301, 0x00000059, 0x00000302, 0x00000059, 0x00000303, 0x00000059, 0x00000304, 0x00000059, 0x00000307,
        0x00000059, 0x00000308, 0x00000059, 0x00000309, 0x00000059, 0x00000323, 0x0000005A, 0x00000301, 0x0000005A, 0x00000302, 0x0000005A,
        0x00000307, 0x0000005A, 0x00000323, 0x0000005A, 0x00000331, 0x0000005B, 0x0000005C, 0x0000005D, 0x0000005E, 0x0000005F, 0x00000060,
        0x00000061, 0x0000002E, 0x0000006D, 0x0000002E, 0x00000061, 0x0000002F, 0x00000063, 0x00000061, 0x0000002F, 0x00000073, 0x00000061,
        0x000002BE, 0x00000061, 0x00000300, 0x00000061, 0x00000301, 0x00000061, 0x00000302, 0x00000061, 0x00000302, 0x00000300, 0x00000061,
        0x00000302, 0x00000301, 0x00000061, 0x00000302, 0x00000303, 0x00000061, 0x00000302, 0x00000309, 0x00000061, 0x00000303, 0x00000061,
        0x00000304, 0x00000061, 0x00000306, 0x00000061, 0x00000306, 0x00000300, 0x00000061, 0x00000306, 0x00000301, 0x00000061, 0x00000306,
        0x00000303, 0x00000061, 0x00000306, 0x00000309, 0x00000061, 0x00000307, 0x00000061, 0x00000307, 0x00000304, 0x00000061, 0x00000308,
        0x00000061, 0x00000308, 0x00000304, 0x00000061, 0x00000309, 0x00000061, 0x0000030A, 0x00000061, 0x0000030A, 0x00000301, 0x00000061,
        0x0000030C, 0x00000061, 0x0000030F, 0x00000061, 0x00000311, 0x00000061, 0x00000323, 0x00000061, 0x00000323, 0x00000302, 0x00000061,
        0x00000323, 0x00000306, 0x00000061, 0x00000325, 0x00000061, 0x00000328, 0x00000062, 0x00000061, 0x00000072, 0x00000062, 0x00000307,
        0x00000062, 0x00000323, 0x00000062, 0x00000331, 0x00000063, 0x0000002F, 0x0000006F, 0x00000063, 0x0000002F, 0x00000075, 0x00000063,
        0x00000061, 0x0000006C, 0x00000063, 0x00000063, 0x00000063, 0x00000064, 0x00000063, 0x0000006D, 0x00000063, 0x0000006D, 0x00000032,
        0x00000063, 0x0000006D, 0x00000033, 0x00000063, 0x00000301, 0x00000063, 0x00000302, 0x00000063, 0x00000307, 0x00000063, 0x0000030C,
        0x00000063, 0x00000327, 0x00000063, 0x00000327, 0x00000301, 0x00000064, 0x00000042, 0x00000064, 0x00000061, 0x00000064, 0x0000006C,
        0x00000064, 0x0000006D, 0x00000064, 0x0000006D, 0x00000032, 0x00000064, 0x0000006D, 0x00000033, 0x00000064, 0x0000007A, 0x00000064,
        0x0000007A, 0x0000030C, 0x00000064, 0x00000307, 0x00000064, 0x0000030C, 0x00000064, 0x00000323, 0x00000064, 0x00000327, 0x00000064,
        0x0000032D, 0x00000064, 0x00000331, 0x00000065, 0x00000056, 0x00000065, 0x00000072, 0x00000067, 0x00000065, 0x00000300, 0x00000065,
        0x00000301, 0x00000065, 0x00000302, 0x00000065, 0x00000302, 0x00000300, 0x00000065, 0x00000302, 0x00000301, 0x00000065, 0x00000302,
        0x00000303, 0x00000065, 0x00000302, 0x00000309, 0x00000065, 0x00000303, 0x00000065, 0x00000304, 0x00000065, 0x00000304, 0x00000300,
        0x00000065, 0x00000304, 0x00000301, 0x00000065, 0x00000306, 0x00000065, 0x00000307, 0x00000065, 0x00000308, 0x00000065, 0x00000309,
        0x00000065, 0x0000030C, 0x00000065, 0x0000030F, 0x00000065, 0x00000311, 0x00000065, 0x00000323, 0x00000065, 0x00000323, 0x00000302,
        0x00000065, 0x00000327, 0x00000065, 0x00000327, 0x00000306, 0x00000065, 0x00000328, 0x00000065, 0x0000032D, 0x00000065, 0x00000330,
        0x00000066, 0x00000066, 0x00000066, 0x00000066, 0x00000069, 0x00000066, 0x00000066, 0x0000006C, 0x00000066, 0x0000006D, 0x00000066,
        0x00000307, 0x00000067, 0x00000061, 0x0000006C, 0x00000067, 0x00000301, 0x00000067, 0x00000302, 0x00000067, 0x00000304, 0x00000067,
        0x00000306, 0x00000067, 0x00000307, 0x00000067, 0x0000030C, 0x00000067, 0x00000327, 0x00000068, 0x00000050, 0x00000061, 0x00000068,
        0x00000061, 0x00000068, 0x00000302, 0x00000068, 0x00000307, 0x00000068, 0x00000308, 0x00000068, 0x0000030C, 0x00000068, 0x00000323,
        0x00000068, 0x00000327, 0x00000068, 0x0000032E, 0x00000068, 0x00000331, 0x00000069, 0x00000069, 0x00000069, 0x00000069, 0x00000069,
        0x00000069, 0x0000006A, 0x00000069, 0x0000006E, 0x00000069, 0x00000076, 0x00000069, 0x00000078, 0x00000069, 0x00000300, 0x00000069,
        0x00000301, 0x00000069, 0x00000302, 0x00000069, 0x00000303, 0x00000069, 0x00000304, 0x00000069, 0x00000306, 0x00000069, 0x00000308,
        0x00000069, 0x00000308, 0x00000301, 0x00000069, 0x00000309, 0x00000069, 0x0000030C, 0x00000069, 0x0000030F, 0x00000069, 0x00000311,
        0x00000069, 0x00000323, 0x00000069, 0x00000328, 0x00000069, 0x00000330, 0x0000006A, 0x00000302, 0x0000006A, 0x0000030C, 0x0000006B,
        0x00000041, 0x0000006B, 0x00000048, 0x0000007A, 0x0000006B, 0x00000050, 0x00000061, 0x0000006B, 0x00000056, 0x0000006B, 0x00000057,
        0x0000006B, 0x00000063, 0x00000061, 0x0000006C, 0x0000006B, 0x0000006C, 0x0000006B, 0x0000006D, 0x0000006B, 0x0000006D, 0x00000032,
        0x0000006B, 0x0000006D, 0x00000033, 0x0000006B, 0x00000074, 0x0000006B, 0x00000301, 0x0000006B, 0x0000030C, 0x0000006B, 0x00000323,
        0x0000006B, 0x00000327, 0x0000006B, 0x00000331, 0x0000006B, 0x000003A9, 0x0000006C, 0x0000006A, 0x0000006C, 0x0000006D, 0x0000006C,
        0x0000006E, 0x0000006C, 0x0000006F, 0x00000067, 0x0000006C, 0x00000078, 0x0000006C, 0x000000B7, 0x0000006C, 0x00000301, 0x0000006C,
        0x0000030C, 0x0000006C, 0x00000323, 0x0000006C, 0x00000323, 0x00000304, 0x0000006C, 0x00000327, 0x0000006C, 0x0000032D, 0x0000006C,
        0x00000331, 0x0000006D, 0x00000041, 0x0000006D, 0x00000056, 0x0000006D, 0x00000062, 0x0000006D, 0x00000067, 0x0000006D, 0x00000069,
        0x0000006C, 0x0000006D, 0x0000006D, 0x0000006D, 0x0000006D, 0x00000032, 0x0000006D, 0x0000006D, 0x00000033, 0x0000006D, 0x0000006F,
        0x0000006C, 0x0000006D, 0x00000073, 0x0000006D, 0x00000301, 0x0000006D, 0x00000307, 0x0000006D, 0x00000323, 0x0000006D, 0x00002215,
        0x00000073, 0x0000006D, 0x00002215, 0x00000073, 0x00000032, 0x0000006E, 0x00000041, 0x0000006E, 0x00000046, 0x0000006E, 0x00000056,
        0x0000006E, 0x00000057, 0x0000006E, 0x0000006A, 0x0000006E, 0x0000006D, 0x0000006E, 0x00000073, 0x0000006E, 0x00000300, 0x0000006E,
        0x00000301, 0x0000006E, 0x00000303, 0x0000006E, 0x00000307, 0x0000006E, 0x0000030C, 0x0000006E, 0x00000323, 0x0000006E, 0x00000327,
        0x0000006E, 0x0000032D, 0x0000006E, 0x00000331, 0x0000006F, 0x00000056, 0x0000006F, 0x00000300, 0x0000006F, 0x00000301, 0x0000006F,
        0x00000302, 0x0000006F, 0x00000302, 0x00000300, 0x0000006F, 0x00000302, 0x00000301, 0x0000006F, 0x00000302, 0x00000303, 0x0000006F,
        0x00000302, 0x00000309, 0x0000006F, 0x00000303, 0x0000006F, 0x00000303, 0x00000301, 0x0000006F, 0x00000303, 0x00000304, 0x0000006F,
        0x00000303, 0x00000308, 0x0000006F, 0x00000304, 0x0000006F, 0x00000304, 0x00000300, 0x0000006F, 0x00000304, 0x00000301, 0x0000006F,
        0x00000306, 0x0000006F, 0x00000307, 0x0000006F, 0x00000307, 0x00000304, 0x0000006F, 0x00000308, 0x0000006F, 0x00000308, 0x00000304,
        0x0000006F, 0x00000309, 0x0000006F, 0x0000030B, 0x0000006F, 0x0000030C, 0x0000006F, 0x0000030F, 0x0000006F, 0x00000311, 0x0000006F,
        0x0000031B, 0x0000006F, 0x0000031B, 0x00000300, 0x0000006F, 0x0000031B, 0x00000301, 0x0000006F, 0x0000031B, 0x00000303, 0x0000006F,
        0x0000031B, 0x00000309, 0x0000006F, 0x0000031B, 0x00000323, 0x0000006F, 0x00000323, 0x0000006F, 0x00000323, 0x00000302, 0x0000006F,
        0x00000328, 0x0000006F, 0x00000328, 0x00000304, 0x00000070, 0x0000002E, 0x0000006D, 0x0000002E, 0x00000070, 0x00000041, 0x00000070,
        0x00000046, 0x00000070, 0x00000056, 0x00000070, 0x00000057, 0x00000070, 0x00000063, 0x00000070, 0x00000073, 0x00000070, 0x00000301,
        0x00000070, 0x00000307, 0x00000072, 0x00000061, 0x00000064, 0x00000072, 0x00000061, 0x00000064, 0x00002215, 0x00000073, 0x00000072,
        0x00000061, 0x00000064, 0x00002215, 0x00000073, 0x00000032, 0x00000072, 0x00000301, 0x00000072, 0x00000307, 0x00000072, 0x0000030C,
        0x00000072, 0x0000030F, 0x00000072, 0x00000311, 0x00000072, 0x00000323, 0x00000072, 0x00000323, 0x00000304, 0x00000072, 0x00000327,
        0x00000072, 0x00000331, 0x00000073, 0x00000074, 0x00000073, 0x00000301, 0x00000073, 0x00000301, 0x00000307, 0x00000073, 0x00000302,
        0x00000073, 0x00000307, 0x00000073, 0x0000030C, 0x00000073, 0x0000030C, 0x00000307, 0x00000073, 0x00000323, 0x00000073, 0x00000323,
        0x00000307, 0x00000073, 0x00000326, 0x00000073, 0x00000327, 0x00000074, 0x00000307, 0x00000074, 0x00000308, 0x00000074, 0x0000030C,
        0x00000074, 0x00000323, 0x00000074, 0x00000326, 0x00000074, 0x00000327, 0x00000074, 0x0000032D, 0x00000074, 0x00000331, 0x00000075,
        0x00000300, 0x00000075, 0x00000301, 0x00000075, 0x00000302, 0x00000075, 0x00000303, 0x00000075, 0x00000303, 0x00000301, 0x00000075,
        0x00000304, 0x00000075, 0x00000304, 0x00000308, 0x00000075, 0x00000306, 0x00000075, 0x00000308, 0x00000075, 0x00000308, 0x00000300,
        0x00000075, 0x00000308, 0x00000301, 0x00000075, 0x00000308, 0x00000304, 0x00000075, 0x00000308, 0x0000030C, 0x00000075, 0x00000309,
        0x00000075, 0x0000030A, 0x00000075, 0x0000030B, 0x00000075, 0x0000030C, 0x00000075, 0x0000030F, 0x00000075, 0x00000311, 0x00000075,
        0x0000031B, 0x00000075, 0x0000031B, 0x00000300, 0x00000075, 0x0000031B, 0x00000301, 0x00000075, 0x0000031B, 0x00000303, 0x00000075,
        0x0000031B, 0x00000309, 0x00000075, 0x0000031B, 0x00000323, 0x00000075, 0x00000323, 0x00000075, 0x00000324, 0x00000075, 0x00000328,
        0x00000075, 0x0000032D, 0x00000075, 0x00000330, 0x00000076, 0x00000069, 0x00000069, 0x00000076, 0x00000069, 0x00000069, 0x00000069,
        0x00000076, 0x00000303, 0x00000076, 0x00000323, 0x00000077, 0x00000300, 0x00000077, 0x00000301, 0x00000077, 0x00000302, 0x00000077,
        0x00000307, 0x00000077, 0x00000308, 0x00000077, 0x0000030A, 0x00000077, 0x00000323, 0x00000078, 0x00000069, 0x00000069, 0x00000078,
        0x00000307, 0x00000078, 0x00000308, 0x00000079, 0x00000300, 0x00000079, 0x00000301, 0x00000079, 0x00000302, 0x00000079, 0x00000303,
        0x00000079, 0x00000304, 0x00000079, 0x00000307, 0x00000079, 0x00000308, 0x00000079, 0x00000309, 0x00000079, 0x0000030A, 0x00000079,
        0x00000323, 0x0000007A, 0x00000301, 0x0000007A, 0x00000302, 0x0000007A, 0x00000307, 0x0000007A, 0x00000323, 0x0000007A, 0x00000331,
        0x0000007B, 0x0000007C, 0x0000007D, 0x0000007E, 0x000000A2, 0x000000A3, 0x000000A5, 0x000000A6, 0x000000A8, 0x00000300, 0x000000A8,
        0x00000301, 0x000000A8, 0x00000342, 0x000000AC, 0x000000B0, 0x00000043, 0x000000B0, 0x00000046, 0x000000B4, 0x000000C6, 0x000000C6,
        0x00000301, 0x000000C6, 0x00000304, 0x000000D8, 0x00000301, 0x000000E6, 0x000000E6, 0x00000301, 0x000000E6, 0x00000304, 0x000000F0,
        0x000000F8, 0x000000F8, 0x00000301, 0x00000126, 0x00000127, 0x00000131, 0x0000014B, 0x00000153, 0x0000017F, 0x00000307, 0x0000018E,
        0x00000190, 0x000001AB, 0x000001B7, 0x0000030C, 0x000001C0, 0x000001C1, 0x000001C2, 0x00000222, 0x00000237, 0x00000250, 0x00000251,
        0x00000252, 0x00000253, 0x00000254, 0x00000255, 0x00000256, 0x00000257, 0x00000258, 0x00000259, 0x0000025B, 0x0000025C, 0x0000025E,
        0x0000025F, 0x00000260, 0x00000261, 0x00000262, 0x00000263, 0x00000264, 0x00000265, 0x00000266, 0x00000267, 0x00000268, 0x00000269,
        0x0000026A, 0x0000026B, 0x0000026C, 0x0000026D, 0x0000026E, 0x0000026F, 0x00000270, 0x00000271, 0x00000272, 0x00000273, 0x00000274,
        0x00000275, 0x00000276, 0x00000277, 0x00000278, 0x00000279, 0x0000027A, 0x0000027B, 0x0000027D, 0x0000027E, 0x00000280, 0x00000281,
        0x00000282, 0x00000283, 0x00000284, 0x00000288, 0x00000289, 0x0000028A, 0x0000028B, 0x0000028C, 0x0000028D, 0x0000028E, 0x0000028F,
        0x00000290, 0x00000291, 0x00000292, 0x00000292, 0x0000030C, 0x00000295, 0x00000298, 0x00000299, 0x0000029B, 0x0000029C, 0x0000029D,
        0x0000029F, 0x000002A1, 0x000002A2, 0x000002A3, 0x000002A4, 0x000002A5, 0x000002A6, 0x000002A7, 0x000002A8, 0x000002A9, 0x000002AA,
        0x000002AB, 0x000002B9, 0x000002BC, 0x0000006E, 0x000002D0, 0x000002D1, 0x00000391, 0x00000391, 0x00000300, 0x00000391, 0x00000301,
        0x00000391, 0x00000304, 0x00000391, 0x00000306, 0x00000391, 0x00000313, 0x00000391, 0x00000313, 0x00000300, 0x00000391, 0x00000313,
        0x00000300, 0x00000345, 0x00000391, 0x00000313, 0x00000301, 0x00000391, 0x00000313, 0x00000301, 0x00000345, 0x00000391, 0x00000313,
        0x00000342, 0x00000391, 0x00000313, 0x00000342, 0x00000345, 0x00000391, 0x00000313, 0x00000345, 0x00000391, 0x00000314, 0x00000391,
        0x00000314, 0x00000300, 0x00000391, 0x00000314, 0x00000300, 0x00000345, 0x00000391, 0x00000314, 0x00000301, 0x00000391, 0x00000314,
        0x00000301, 0x00000345, 0x00000391, 0x00000314, 0x00000342, 0x00000391, 0x00000314, 0x00000342, 0x00000345, 0x00000391, 0x00000314,
        0x00000345, 0x00000391, 0x00000345, 0x00000392, 0x00000393, 0x00000394, 0x00000395, 0x00000395, 0x00000300, 0x00000395, 0x00000301,
        0x00000395, 0x00000313, 0x00000395, 0x00000313, 0x00000300, 0x00000395, 0x00000313, 0x00000301, 0x00000395, 0x00000314, 0x00000395,
        0x00000314, 0x00000300, 0x00000395, 0x00000314, 0x00000301, 0x00000396, 0x00000397, 0x00000397, 0x00000300, 0x00000397, 0x00000301,
        0x00000397, 0x00000313, 0x00000397, 0x00000313, 0x00000300, 0x00000397, 0x00000313, 0x00000300, 0x00000345, 0x00000397, 0x00000313,
        0x00000301, 0x00000397, 0x00000313, 0x00000301, 0x00000345, 0x00000397, 0x00000313, 0x00000342, 0x00000397, 0x00000313, 0x00000342,
        0x00000345, 0x00000397, 0x00000313, 0x00000345, 0x00000397, 0x00000314, 0x00000397, 0x00000314, 0x00000300, 0x00000397, 0x00000314,
        0x00000300, 0x00000345, 0x00000397, 0x00000314, 0x00000301, 0x00000397, 0x00000314, 0x00000301, 0x00000345, 0x00000397, 0x00000314,
        0x00000342, 0x00000397, 0x00000314, 0x00000342, 0x00000345, 0x00000397, 0x00000314, 0x00000345, 0x00000397, 0x00000345, 0x00000398,
        0x00000399, 0x00000399, 0x00000300, 0x00000399, 0x00000301, 0x00000399, 0x00000304, 0x00000399, 0x00000306, 0x00000399, 0x00000308,
        0x00000399, 0x00000313, 0x00000399, 0x00000313, 0x00000300, 0x00000399, 0x00000313, 0x00000301, 0x00000399, 0x00000313, 0x00000342,
        0x00000399, 0x00000314, 0x00000399, 0x00000314, 0x00000300, 0x00000399, 0x00000314, 0x00000301, 0x00000399, 0x00000314, 0x00000342,
        0x0000039A, 0x0000039B, 0x0000039C, 0x0000039D, 0x0000039E, 0x0000039F, 0x0000039F, 0x00000300, 0x0000039F, 0x00000301, 0x0000039F,
        0x00000313, 0x0000039F, 0x00000313, 0x00000300, 0x0000039F, 0x00000313, 0x00000301, 0x0000039F, 0x00000314, 0x0000039F, 0x00000314,
        0x00000300, 0x0000039F, 0x00000314, 0x00000301, 0x000003A0, 0x000003A1, 0x000003A1, 0x00000314, 0x000003A3, 0x000003A4, 0x000003A5,
        0x000003A5, 0x00000300, 0x000003A5, 0x00000301, 0x000003A5, 0x00000304, 0x000003A5, 0x00000306, 0x000003A5, 0x00000308, 0x000003A5,
        0x00000314, 0x000003A5, 0x00000314, 0x00000300, 0x000003A5, 0x00000314, 0x00000301, 0x000003A5, 0x00000314, 0x00000342, 0x000003A6,
        0x000003A7, 0x000003A8, 0x000003A9, 0x00000300, 0x000003A9, 0x00000301, 0x000003A9, 0x00000313, 0x000003A9, 0x00000313, 0x00000300,
        0x000003A9, 0x00000313, 0x00000300, 0x00000345, 0x000003A9, 0x00000313, 0x00000301, 0x000003A9, 0x00000313, 0x00000301, 0x00000345,
        0x000003A9, 0x00000313, 0x00000342, 0x000003A9, 0x00000313, 0x00000342, 0x00000345, 0x000003A9, 0x00000313, 0x00000345, 0x000003A9,
        0x00000314, 0x000003A9, 0x00000314, 0x00000300, 0x000003A9, 0x00000314, 0x00000300, 0x00000345, 0x000003A9, 0x00000314, 0x00000301,
        0x000003A9, 0x00000314, 0x00000301, 0x00000345, 0x000003A9, 0x00000314, 0x00000342, 0x000003A9, 0x00000314, 0x00000342, 0x00000345,
        0x000003A9, 0x00000314, 0x00000345, 0x000003A9, 0x00000345, 0x000003B1, 0x000003B1, 0x00000300, 0x000003B1, 0x00000300, 0x00000345,
        0x000003B1, 0x00000301, 0x000003B1, 0x00000301, 0x00000345, 0x000003B1, 0x00000304, 0x000003B1, 0x00000306, 0x000003B1, 0x00000313,
        0x000003B1, 0x00000313, 0x00000300, 0x000003B1, 0x00000313, 0x00000300, 0x00000345, 0x000003B1, 0x00000313, 0x00000301, 0x000003B1,
        0x00000313, 0x00000301, 0x00000345, 0x000003B1, 0x00000313, 0x00000342, 0x000003B1, 0x00000313, 0x00000342, 0x00000345, 0x000003B1,
        0x00000313, 0x00000345, 0x000003B1, 0x00000314, 0x000003B1, 0x00000314, 0x00000300, 0x000003B1, 0x00000314, 0x00000300, 0x00000345,
        0x000003B1, 0x00000314, 0x00000301, 0x000003B1, 0x00000314, 0x00000301, 0x00000345, 0x000003B1, 0x00000314, 0x00000342, 0x000003B1,
        0x00000314, 0x00000342, 0x00000345, 0x000003B1, 0x00000314, 0x00000345, 0x000003B1, 0x00000342, 0x000003B1, 0x00000342, 0x00000345,
        0x000003B1, 0x00000345, 0x000003B2, 0x000003B3, 0x000003B4, 0x000003B5, 0x000003B5, 0x00000300, 0x000003B5, 0x00000301, 0x000003B5,
        0x00000313, 0x000003B5, 0x00000313, 0x00000300, 0x000003B5, 0x00000313, 0x00000301, 0x000003B5, 0x00000314, 0x000003B5, 0x00000314,
        0x00000300, 0x000003B5, 0x00000314, 0x00000301, 0x000003B6, 0x000003B7, 0x000003B7, 0x00000300, 0x000003B7, 0x00000300, 0x00000345,
        0x000003B7, 0x00000301, 0x000003B7, 0x00000301, 0x00000345, 0x000003B7, 0x00000313, 0x000003B7, 0x00000313, 0x00000300, 0x000003B7,
        0x00000313, 0x00000300, 0x00000345, 0x000003B7, 0x00000313, 0x00000301, 0x000003B7, 0x00000313, 0x00000301, 0x00000345, 0x000003B7,
        0x00000313, 0x00000342, 0x000003B7, 0x00000313, 0x00000342, 0x00000345, 0x000003B7, 0x00000313, 0x00000345, 0x000003B7, 0x00000314,
        0x000003B7, 0x00000314, 0x00000300, 0x000003B7, 0x00000314, 0x00000300, 0x00000345, 0x000003B7, 0x00000314, 0x00000301, 0x000003B7,
        0x00000314, 0x00000301, 0x00000345, 0x000003B7, 0x00000314, 0x00000342, 0x000003B7, 0x00000314, 0x00000342, 0x00000345, 0x000003B7,
        0x00000314, 0x00000345, 0x000003B7, 0x00000342, 0x000003B7, 0x00000342, 0x00000345, 0x000003B7, 0x00000345, 0x000003B8, 0x000003B9,
        0x000003B9, 0x00000300, 0x000003B9, 0x00000301, 0x000003B9, 0x00000304, 0x000003B9, 0x00000306, 0x000003B9, 0x00000308, 0x000003B9,
        0x00000308, 0x00000300, 0x000003B9, 0x00000308, 0x00000301, 0x000003B9, 0x00000308, 0x00000342, 0x000003B9, 0x00000313, 0x000003B9,
        0x00000313, 0x00000300, 0x000003B9, 0x00000313, 0x00000301, 0x000003B9, 0x00000313, 0x00000342, 0x000003B9, 0x00000314, 0x000003B9,
        0x00000314, 0x00000300, 0x000003B9, 0x00000314, 0x00000301, 0x000003B9, 0x00000314, 0x00000342, 0x000003B9, 0x00000342, 0x000003BA,
        0x000003BB, 0x000003BC, 0x000003BC, 0x00000041, 0x000003BC, 0x00000046, 0x000003BC, 0x00000056, 0x000003BC, 0x00000057, 0x000003BC,
        0x00000067, 0x000003BC, 0x0000006C, 0x000003BC, 0x0000006D, 0x000003BC, 0x00000073, 0x000003BD, 0x000003BE, 0x000003BF, 0x000003BF,
        0x00000300, 0x000003BF, 0x00000301, 0x000003BF, 0x00000313, 0x000003BF, 0x00000313, 0x00000300, 0x000003BF, 0x00000313, 0x00000301,
        0x000003BF, 0x00000314, 0x000003BF, 0x00000314, 0x00000300, 0x000003BF, 0x00000314, 0x00000301, 0x000003C0, 0x000003C1, 0x000003C1,
        0x00000313, 0x000003C1, 0x00000314, 0x000003C2, 0x000003C3, 0x000003C4, 0x000003C5, 0x000003C5, 0x00000300, 0x000003C5, 0x00000301,
        0x000003C5, 0x00000304, 0x000003C5, 0x00000306, 0x000003C5, 0x00000308, 0x000003C5, 0x00000308, 0x00000300, 0x000003C5, 0x00000308,
        0x00000301, 0x000003C5, 0x00000308, 0x00000342, 0x000003C5, 0x00000313, 0x000003C5, 0x00000313, 0x00000300, 0x000003C5, 0x00000313,
        0x00000301, 0x000003C5, 0x00000313, 0x00000342, 0x000003C5, 0x00000314, 0x000003C5, 0x00000314, 0x00000300, 0x000003C5, 0x00000314,
        0x00000301, 0x000003C5, 0x00000314, 0x00000342, 0x000003C5, 0x00000342, 0x000003C6, 0x000003C7, 0x000003C8, 0x000003C9, 0x000003C9,
        0x00000300, 0x000003C9, 0x00000300, 0x00000345, 0x000003C9, 0x00000301, 0x000003C9, 0x00000301, 0x00000345, 0x000003C9, 0x00000313,
        0x000003C9, 0x00000313, 0x00000300, 0x000003C9, 0x00000313, 0x00000300, 0x00000345, 0x000003C9, 0x00000313, 0x00000301, 0x000003C9,
        0x00000313, 0x00000301, 0x00000345, 0x000003C9, 0x00000313, 0x00000342, 0x000003C9, 0x00000313, 0x00000342, 0x00000345, 0x000003C9,
        0x00000313, 0x00000345, 0x000003C9, 0x00000314, 0x000003C9, 0x00000314, 0x00000300, 0x000003C9, 0x00000314, 0x00000300, 0x00000345,
        0x000003C9, 0x00000314, 0x00000301, 0x000003C9, 0x00000314, 0x00000301, 0x00000345, 0x000003C9, 0x00000314, 0x00000342, 0x000003C9,
        0x00000314, 0x00000342, 0x00000345, 0x000003C9, 0x00000314, 0x00000345, 0x000003C9, 0x00000342, 0x000003C9, 0x00000342, 0x00000345,
        0x000003C9, 0x00000345, 0x000003D2, 0x00000301, 0x000003D2, 0x00000308, 0x000003DC, 0x000003DD, 0x00000406, 0x00000308, 0x00000410,
        0x00000306, 0x00000410, 0x00000308, 0x00000413, 0x00000301, 0x00000415, 0x00000300, 0x00000415, 0x00000306, 0x00000415, 0x00000308,
        0x00000416, 0x00000306, 0x00000416, 0x00000308, 0x00000417, 0x00000308, 0x00000418, 0x00000300, 0x00000418, 0x00000304, 0x00000418,
        0x00000306, 0x00000418, 0x00000308, 0x0000041A, 0x00000301, 0x0000041E, 0x00000308, 0x00000423, 0x00000304, 0x00000423, 0x00000306,
        0x00000423, 0x00000308, 0x00000423, 0x0000030B, 0x00000427, 0x00000308, 0x0000042B, 0x00000308, 0x0000042D, 0x00000308, 0x00000430,
        0x00000430, 0x00000306, 0x00000430, 0x00000308, 0x00000431, 0x00000432, 0x00000433, 0x00000433, 0x00000301, 0x00000434, 0x00000435,
        0x00000435, 0x00000300, 0x00000435, 0x00000306, 0x00000435, 0x00000308, 0x00000436, 0x00000436, 0x00000306, 0x00000436, 0x00000308,
        0x00000437, 0x00000437, 0x00000308, 0x00000438, 0x00000438, 0x00000300, 0x00000438, 0x00000304, 0x00000438, 0x00000306, 0x00000438,
        0x00000308, 0x0000043A, 0x0000043A, 0x00000301, 0x0000043B, 0x0000043C, 0x0000043D, 0x0000043E, 0x0000043E, 0x00000308, 0x0000043F,
        0x00000440, 0x00000441, 0x00000442, 0x00000443, 0x00000443, 0x00000304, 0x00000443, 0x00000306, 0x00000443, 0x00000308, 0x00000443,
        0x0000030B, 0x00000444, 0x00000445, 0x00000446, 0x00000447, 0x00000447, 0x00000308, 0x00000448, 0x0000044A, 0x0000044B, 0x0000044B,
        0x00000308, 0x0000044C, 0x0000044D, 0x0000044D, 0x00000308, 0x0000044E, 0x00000455, 0x00000456, 0x00000456, 0x00000308, 0x00000458,
        0x0000045F, 0x00000474, 0x0000030F, 0x00000475, 0x0000030F, 0x00000491, 0x000004AB, 0x000004AF, 0x000004B1, 0x000004CF, 0x000004D8,
        0x00000308, 0x000004D9, 0x000004D9, 0x00000308, 0x000004E8, 0x00000308, 0x000004E9, 0x000004E9, 0x00000308, 0x00000565, 0x00000582,
        0x00000574, 0x00000565, 0x00000574, 0x0000056B, 0x00000574, 0x0000056D, 0x00000574, 0x00000576, 0x0000057E, 0x00000576, 0x000005D0,
        0x000005D0, 0x000005B7, 0x000005D0, 0x000005B8, 0x000005D0, 0x000005BC, 0x000005D0, 0x000005DC, 0x000005D1, 0x000005D1, 0x000005BC,
        0x000005D1, 0x000005BF, 0x000005D2, 0x000005D2, 0x000005BC, 0x000005D3, 0x000005D3, 0x000005BC, 0x000005D4, 0x000005D4, 0x000005BC,
        0x000005D5, 0x000005B9, 0x000005D5, 0x000005BC, 0x000005D6, 0x000005BC, 0x000005D8, 0x000005BC, 0x000005D9, 0x000005B4, 0x000005D9,
        0x000005BC, 0x000005DA, 0x000005BC, 0x000005DB, 0x000005DB, 0x000005BC, 0x000005DB, 0x000005BF, 0x000005DC, 0x000005BC, 0x000005DD,
        0x000005DE, 0x000005BC, 0x000005E0, 0x000005BC, 0x000005E1, 0x000005BC, 0x000005E2, 0x000005E3, 0x000005BC, 0x000005E4, 0x000005BC,
        0x000005E4, 0x000005BF, 0x000005E6, 0x000005BC, 0x000005E7, 0x000005BC, 0x000005E8, 0x000005E8, 0x000005BC, 0x000005E9, 0x000005BC,
        0x000005E9, 0x000005BC, 0x000005C1, 0x000005E9, 0x000005BC, 0x000005C2, 0x000005E9, 0x000005C1, 0x000005E9, 0x000005C2, 0x000005EA,
        0x000005EA, 0x000005BC, 0x000005F2, 0x000005B7, 0x00000621, 0x00000627, 0x00000627, 0x00000643, 0x00000628, 0x00000631, 0x00000627,
        0x00000644, 0x00000644, 0x00000647, 0x00000627, 0x0000064B, 0x00000627, 0x00000653, 0x00000627, 0x00000654, 0x00000627, 0x00000655,
        0x00000627, 0x00000674, 0x00000628, 0x0000062C, 0x00000628, 0x0000062D, 0x00000628, 0x0000062D, 0x0000064A, 0x00000628, 0x0000062E,
        0x00000628, 0x0000062E, 0x0000064A, 0x00000628, 0x00000632, 0x00000628, 0x00000645, 0x00000628, 0x00000646, 0x00000628, 0x00000647,
        0x00000628, 0x00000649, 0x00000628, 0x0000064A, 0x00000629, 0x0000062A, 0x0000062A, 0x0000062C, 0x0000062A, 0x0000062C, 0x00000645,
        0x0000062A, 0x0000062C, 0x00000649, 0x0000062A, 0x0000062C, 0x0000064A, 0x0000062A, 0x0000062D, 0x0000062A, 0x0000062D, 0x0000062C,
        0x0000062A, 0x0000062D, 0x00000645, 0x0000062A, 0x0000062E, 0x0000062A, 0x0000062E, 0x00000645, 0x0000062A, 0x0000062E, 0x00000649,
        0x0000062A, 0x0000062E, 0x0000064A, 0x0000062A, 0x00000631, 0x0000062A, 0x00000632, 0x0000062A, 0x00000645, 0x0000062A, 0x00000645,
        0x0000062C, 0x0000062A, 0x00000645, 0x0000062D, 0x0000062A, 0x00000645, 0x0000062E, 0x0000062A, 0x00000645, 0x00000649, 0x0000062A,
        0x00000645, 0x0000064A, 0x0000062A, 0x00000646, 0x0000062A, 0x00000647, 0x0000062A, 0x00000649, 0x0000062A, 0x0000064A, 0x0000062B,
        0x0000062B, 0x0000062C, 0x0000062B, 0x00000631, 0x0000062B, 0x00000632, 0x0000062B, 0x00000645, 0x0000062B, 0x00000646, 0x0000062B,
        0x00000647, 0x0000062B, 0x00000649, 0x0000062B, 0x0000064A, 0x0000062C, 0x0000062D, 0x0000062C, 0x0000062D, 0x00000649, 0x0000062C,
        0x0000062D, 0x0000064A, 0x0000062C, 0x00000644, 0x00000020, 0x0000062C, 0x00000644, 0x00000627, 0x00000644, 0x00000647, 0x0000062C,
        0x00000645, 0x0000062D, 0x0000062C, 0x00000645, 0x00000649, 0x0000062C, 0x00000645, 0x0000064A, 0x0000062D, 0x0000062C, 0x0000064A,
        0x0000062D, 0x00000645, 0x00000649, 0x0000062D, 0x00000645, 0x0000064A, 0x0000062E, 0x0000062C, 0x0000062E, 0x0000062D, 0x0000062F,
        0x00000630, 0x00000630, 0x00000670, 0x00000631, 0x00000633, 0x00000648, 0x00000644, 0x00000631, 0x00000670, 0x00000631, 0x000006CC,
        0x00000627, 0x00000644, 0x00000633, 0x0000062C, 0x00000633, 0x0000062C, 0x0000062D, 0x00000633, 0x0000062C, 0x00000649, 0x00000633,
        0x0000062D, 0x00000633, 0x0000062D, 0x0000062C, 0x00000633, 0x0000062E, 0x00000633, 0x0000062E, 0x00000649, 0x00000633, 0x0000062E,
        0x0000064A, 0x00000633, 0x00000631, 0x00000633, 0x00000645, 0x00000633, 0x00000645, 0x0000062C, 0x00000633, 0x00000645, 0x0000062D,
        0x00000633, 0x00000645, 0x00000645, 0x00000633, 0x00000647, 0x00000633, 0x00000649, 0x00000633, 0x0000064A, 0x00000634, 0x00000634,
        0x0000062C, 0x00000634, 0x0000062C, 0x0000064A, 0x00000634, 0x0000062D, 0x00000634, 0x0000062D, 0x00000645, 0x00000634, 0x0000062D,
        0x0000064A, 0x00000634, 0x0000062E, 0x00000634, 0x00000631, 0x00000634, 0x00000645, 0x00000634, 0x00000645, 0x0000062E, 0x00000634,
        0x00000645, 0x00000645, 0x00000634, 0x00000647, 0x00000634, 0x00000649, 0x00000634, 0x0000064A, 0x00000635, 0x00000635, 0x0000062D,
        0x00000635, 0x0000062D, 0x0000062D, 0x00000635, 0x0000062D, 0x0000064A, 0x00000635, 0x0000062E, 0x00000635, 0x00000631, 0x00000635,
        0x00000644, 0x00000639, 0x00000645, 0x00000635, 0x00000644, 0x00000649, 0x00000635, 0x00000644, 0x00000649, 0x00000020, 0x00000627,
        0x00000644, 0x00000644, 0x00000647, 0x00000020, 0x00000639, 0x00000644, 0x0000064A, 0x00000647, 0x00000020, 0x00000648, 0x00000633,
        0x00000644, 0x00000645, 0x00000635, 0x00000644, 0x000006D2, 0x00000635, 0x00000645, 0x00000635, 0x00000645, 0x00000645, 0x00000635,
        0x00000649, 0x00000635, 0x0000064A, 0x00000636, 0x00000636, 0x0000062C, 0x00000636, 0x0000062D, 0x00000636, 0x0000062D, 0x00000649,
        0x00000636, 0x0000062D, 0x0000064A, 0x00000636, 0x0000062E, 0x00000636, 0x0000062E, 0x00000645, 0x00000636, 0x00000631, 0x00000636,
        0x00000645, 0x00000636, 0x00000649, 0x00000636, 0x0000064A, 0x00000637, 0x00000637, 0x0000062D, 0x00000637, 0x00000645, 0x00000637,
        0x00000645, 0x0000062D, 0x00000637, 0x00000645, 0x00000645, 0x00000637, 0x00000645, 0x0000064A, 0x00000637, 0x00000649, 0x00000637,
        0x0000064A, 0x00000638, 0x00000638, 0x00000645, 0x00000639, 0x0000062C, 0x00000639, 0x0000062C, 0x00000645, 0x00000639, 0x00000645,
        0x00000645, 0x00000639, 0x00000645, 0x00000649, 0x00000639, 0x00000645, 0x0000064A, 0x00000639, 0x00000649, 0x00000639, 0x0000064A,
        0x0000063A, 0x0000063A, 0x0000062C, 0x0000063A, 0x00000645, 0x0000063A, 0x00000645, 0x00000645, 0x0000063A, 0x00000645, 0x00000649,
        0x0000063A, 0x00000645, 0x0000064A, 0x0000063A, 0x00000649, 0x0000063A, 0x0000064A, 0x00000640, 0x0000064B, 0x00000640, 0x0000064E,
        0x00000640, 0x0000064E, 0x00000651, 0x00000640, 0x0000064F, 0x00000640, 0x0000064F, 0x00000651, 0x00000640, 0x00000650, 0x00000640,
        0x00000650, 0x00000651, 0x00000640, 0x00000651, 0x00000640, 0x00000652, 0x00000641, 0x00000641, 0x0000062C, 0x00000641, 0x0000062D,
        0x00000641, 0x0000062E, 0x00000641, 0x0000062E, 0x00000645, 0x00000641, 0x00000645, 0x00000641, 0x00000645, 0x0000064A, 0x00000641,
        0x00000649, 0x00000641, 0x0000064A, 0x00000642, 0x00000642, 0x0000062D, 0x00000642, 0x00000644, 0x000006D2, 0x00000642, 0x00000645,
        0x00000642, 0x00000645, 0x0000062D, 0x00000642, 0x00000645, 0x00000645, 0x00000642, 0x00000645, 0x0000064A, 0x00000642, 0x00000649,
        0x00000642, 0x0000064A, 0x00000643, 0x00000627, 0x00000643, 0x0000062C, 0x00000643, 0x0000062D, 0x00000643, 0x0000062E, 0x00000643,
        0x00000644, 0x00000643, 0x00000645, 0x00000643, 0x00000645, 0x00000645, 0x00000643, 0x00000645, 0x0000064A, 0x00000643, 0x00000649,
        0x00000643, 0x0000064A, 0x00000644, 0x00000627, 0x00000653, 0x00000644, 0x00000627, 0x00000654, 0x00000644, 0x00000627, 0x00000655,
        0x00000644, 0x0000062C, 0x00000644, 0x0000062C, 0x0000062C, 0x00000644, 0x0000062C, 0x00000645, 0x00000644, 0x0000062C, 0x0000064A,
        0x00000644, 0x0000062D, 0x00000644, 0x0000062D, 0x00000645, 0x00000644, 0x0000062D, 0x00000649, 0x00000644, 0x0000062D, 0x0000064A,
        0x00000644, 0x0000062E, 0x00000644, 0x0000062E, 0x00000645, 0x00000644, 0x00000645, 0x0000062D, 0x00000644, 0x00000645, 0x0000064A,
        0x00000645, 0x00000627, 0x00000645, 0x0000062C, 0x0000062D, 0x00000645, 0x0000062C, 0x0000062E, 0x00000645, 0x0000062C, 0x00000645,
        0x00000645, 0x0000062C, 0x0000064A, 0x00000645, 0x0000062D, 0x00000645, 0x00000645, 0x0000062D, 0x00000645, 0x0000062F, 0x00000645,
        0x0000062D, 0x0000064A, 0x00000645, 0x0000062E, 0x0000062C, 0x00000645, 0x0000062E, 0x00000645, 0x00000645, 0x0000062E, 0x0000064A,
        0x00000645, 0x00000645, 0x0000064A, 0x00000646, 0x0000062C, 0x00000646, 0x0000062C, 0x0000062D, 0x00000646, 0x0000062C, 0x00000645,
        0x00000646, 0x0000062C, 0x00000649, 0x00000646, 0x0000062C, 0x0000064A, 0x00000646, 0x0000062D, 0x00000646, 0x0000062D, 0x00000645,
        0x00000646, 0x0000062D, 0x00000649, 0x00000646, 0x0000062D, 0x0000064A, 0x00000646, 0x0000062E, 0x00000646, 0x00000631, 0x00000646,
        0x00000632, 0x00000646, 0x00000645, 0x00000646, 0x00000645, 0x00000649, 0x00000646, 0x00000645, 0x0000064A, 0x00000646, 0x00000646,
        0x00000646, 0x00000647, 0x00000646, 0x00000649, 0x00000646, 0x0000064A, 0x00000647, 0x00000645, 0x00000647, 0x00000645, 0x0000062C,
        0x00000647, 0x00000645, 0x00000645, 0x00000647, 0x00000649, 0x00000647, 0x0000064A, 0x00000647, 0x00000670, 0x00000648, 0x00000654,
        0x00000648, 0x00000674, 0x00000649, 0x00000670, 0x0000064A, 0x0000062C, 0x0000064A, 0x0000064A, 0x0000062D, 0x0000064A, 0x0000064A,
        0x00000631, 0x0000064A, 0x00000632, 0x0000064A, 0x00000645, 0x0000064A, 0x0000064A, 0x00000649, 0x0000064A, 0x00000654, 0x0000064A,
        0x00000654, 0x00000627, 0x0000064A, 0x00000654, 0x0000062C, 0x0000064A, 0x00000654, 0x0000062D, 0x0000064A, 0x00000654, 0x0000062E,
        0x0000064A, 0x00000654, 0x00000631, 0x0000064A, 0x00000654, 0x00000632, 0x0000064A, 0x00000654, 0x00000645, 0x0000064A, 0x00000654,
        0x00000646, 0x0000064A, 0x00000654, 0x00000647, 0x0000064A, 0x00000654, 0x00000648, 0x0000064A, 0x00000654, 0x00000649, 0x0000064A,
        0x00000654, 0x000006C6, 0x0000064A, 0x00000654, 0x000006C7, 0x0000064A, 0x00000654, 0x000006C8, 0x0000064A, 0x00000654, 0x000006D0,
        0x0000064A, 0x00000654, 0x000006D5, 0x0000064A, 0x00000674, 0x0000066E, 0x0000066F, 0x00000671, 0x00000679, 0x0000067A, 0x0000067B,
        0x0000067E, 0x0000067F, 0x00000680, 0x00000683, 0x00000684, 0x00000686, 0x00000687, 0x00000688, 0x0000068C, 0x0000068D, 0x0000068E,
        0x00000691, 0x00000698, 0x000006A1, 0x000006A4, 0x000006A6, 0x000006A9, 0x000006AD, 0x000006AF, 0x000006B1, 0x000006B3, 0x000006BA,
        0x000006BB, 0x000006BE, 0x000006C1, 0x000006C1, 0x00000654, 0x000006C5, 0x000006C7, 0x00000674, 0x000006C9, 0x000006CB, 0x000006D2,
        0x00000654, 0x000006D5, 0x00000654, 0x00000915, 0x0000093C, 0x00000916, 0x0000093C, 0x00000917, 0x0000093C, 0x0000091C, 0x0000093C,
        0x00000921, 0x0000093C, 0x00000922, 0x0000093C, 0x00000928, 0x0000093C, 0x0000092B, 0x0000093C, 0x0000092F, 0x0000093C, 0x00000930,
        0x0000093C, 0x00000933, 0x0000093C, 0x000009A1, 0x000009BC, 0x000009A2, 0x000009BC, 0x000009AF, 0x000009BC, 0x000009C7, 0x000009BE,
        0x000009C7, 0x000009D7, 0x00000A16, 0x00000A3C, 0x00000A17, 0x00000A3C, 0x00000A1C, 0x00000A3C, 0x00000A2B, 0x00000A3C, 0x00000A32,
        0x00000A3C, 0x00000A38, 0x00000A3C, 0x00000B21, 0x00000B3C, 0x00000B22, 0x00000B3C, 0x00000B47, 0x00000B3E, 0x00000B47, 0x00000B56,
        0x00000B47, 0x00000B57, 0x00000B92, 0x00000BD7, 0x00000BC6, 0x00000BBE, 0x00000BC6, 0x00000BD7, 0x00000BC7, 0x00000BBE, 0x00000C46,
        0x00000C56, 0x00000CBF, 0x00000CD5, 0x00000CC6, 0x00000CC2, 0x00000CC6, 0x00000CC2, 0x00000CD5, 0x00000CC6, 0x00000CD5, 0x00000CC6,
        0x00000CD6, 0x00000D46, 0x00000D3E, 0x00000D46, 0x00000D57, 0x00000D47, 0x00000D3E, 0x00000DD9, 0x00000DCA, 0x00000DD9, 0x00000DCF,
        0x00000DD9, 0x00000DCF, 0x00000DCA, 0x00000DD9, 0x00000DDF, 0x00000E4D, 0x00000E32, 0x00000EAB, 0x00000E99, 0x00000EAB, 0x00000EA1,
        0x00000ECD, 0x00000EB2, 0x00000F0B, 0x00000F40, 0x00000FB5, 0x00000F42, 0x00000FB7, 0x00000F4C, 0x00000FB7, 0x00000F51, 0x00000FB7,
        0x00000F56, 0x00000FB7, 0x00000F5B, 0x00000FB7, 0x00000F71, 0x00000F72, 0x00000F71, 0x00000F74, 0x00000F71, 0x00000F80, 0x00000F90,
        0x00000FB5, 0x00000F92, 0x00000FB7, 0x00000F9C, 0x00000FB7, 0x00000FA1, 0x00000FB7, 0x00000FA6, 0x00000FB7, 0x00000FAB, 0x00000FB7,
        0x00000FB2, 0x00000F71, 0x00000F80, 0x00000FB2, 0x00000F80, 0x00000FB3, 0x00000F71, 0x00000F80, 0x00000FB3, 0x00000F80, 0x00001025,
        0x0000102E, 0x000010DC, 0x00001101, 0x00001104, 0x00001108, 0x0000110A, 0x0000110B, 0x0000116E, 0x0000110C, 0x0000116E, 0x0000110B,
        0x00001174, 0x0000110D, 0x0000110E, 0x00001161, 0x000011B7, 0x00001100, 0x00001169, 0x00001114, 0x00001115, 0x0000111A, 0x0000111C,
        0x0000111D, 0x0000111E, 0x00001120, 0x00001121, 0x00001122, 0x00001123, 0x00001127, 0x00001129, 0x0000112B, 0x0000112C, 0x0000112D,
        0x0000112E, 0x0000112F, 0x00001132, 0x00001136, 0x00001140, 0x00001147, 0x0000114C, 0x00001157, 0x00001158, 0x00001159, 0x00001160,
        0x00001162, 0x00001163, 0x00001164, 0x00001166, 0x00001167, 0x00001168, 0x0000116A, 0x0000116B, 0x0000116C, 0x0000116D, 0x0000116F,
        0x00001170, 0x00001171, 0x00001172, 0x00001173, 0x00001175, 0x00001184, 0x00001185, 0x00001188, 0x00001191, 0x00001192, 0x00001194,
        0x0000119E, 0x000011A1, 0x000011AA, 0x000011AC, 0x000011AD, 0x000011B0, 0x000011B1, 0x000011B2, 0x000011B3, 0x000011B4, 0x000011B5,
        0x000011C7, 0x000011C8, 0x000011CC, 0x000011CE, 0x000011D3, 0x000011D7, 0x000011D9, 0x000011DD, 0x000011DF, 0x000011F1, 0x000011F2,
        0x00001B05, 0x00001B35, 0x00001B07, 0x00001B35, 0x00001B09, 0x00001B35, 0x00001B0B, 0x00001B35, 0x00001B0D, 0x00001B35, 0x00001B11,
        0x00001B35, 0x00001B3A, 0x00001B35, 0x00001B3C, 0x00001B35, 0x00001B3E, 0x00001B35, 0x00001B3F, 0x00001B35, 0x00001B42, 0x00001B35,
        0x00001D02, 0x00001D16, 0x00001D17, 0x00001D1C, 0x00001D1D, 0x00001D25, 0x00001D7B, 0x00001D85, 0x00001D91, 0x00001FBF, 0x00000300,
        0x00001FBF, 0x00000301, 0x00001FBF, 0x00000342, 0x00001FFE, 0x00000300, 0x00001FFE, 0x00000301, 0x00001FFE, 0x00000342, 0x00002002,
        0x00002003, 0x00002010, 0x00002013, 0x00002014, 0x00002032, 0x00002032, 0x00002032, 0x00002032, 0x00002032, 0x00002035, 0x00002035,
        0x00002035, 0x00002035, 0x00002035, 0x000020A9, 0x00002190, 0x00002190, 0x00000338, 0x00002191, 0x00002192, 0x00002192, 0x00000338,
        0x00002193, 0x00002194, 0x00000338, 0x000021D0, 0x00000338, 0x000021D2, 0x00000338, 0x000021D4, 0x00000338, 0x00002202, 0x00002203,
        0x00000338, 0x00002207, 0x00002208, 0x00000338, 0x0000220B, 0x00000338, 0x00002211, 0x00002212, 0x00002223, 0x00000338, 0x00002225,
        0x00000338, 0x0000222B, 0x0000222B, 0x0000222B, 0x0000222B, 0x0000222B, 0x0000222E, 0x0000222E, 0x0000222E, 0x0000222E, 0x0000222E,
        0x0000223C, 0x00000338, 0x00002243, 0x00000338, 0x00002245, 0x00000338, 0x00002248, 0x00000338, 0x0000224D, 0x00000338, 0x00002261,
        0x00000338, 0x00002264, 0x00000338, 0x00002265, 0x00000338, 0x00002272, 0x00000338, 0x00002273, 0x00000338, 0x00002276, 0x00000338,
        0x00002277, 0x00000338, 0x0000227A, 0x00000338, 0x0000227B, 0x00000338, 0x0000227C, 0x00000338, 0x0000227D, 0x00000338, 0x00002282,
        0x00000338, 0x00002283, 0x00000338, 0x00002286, 0x00000338, 0x00002287, 0x00000338, 0x00002291, 0x00000338, 0x00002292, 0x00000338,
        0x000022A2, 0x00000338, 0x000022A8, 0x00000338, 0x000022A9, 0x00000338, 0x000022AB, 0x00000338, 0x000022B2, 0x00000338, 0x000022B3,
        0x00000338, 0x000022B4, 0x00000338, 0x000022B5, 0x00000338, 0x00002502, 0x000025A0, 0x000025CB, 0x00002985, 0x00002986, 0x00002ADD,
        0x00000338, 0x00002C71, 0x00002D61, 0x00003001, 0x00003002, 0x00003008, 0x00003009, 0x0000300A, 0x0000300B, 0x0000300C, 0x0000300D,
        0x0000300E, 0x0000300F, 0x00003010, 0x00003011, 0x00003012, 0x00003014, 0x00003014, 0x00000053, 0x00003015, 0x00003014, 0x00004E09,
        0x00003015, 0x00003014, 0x00004E8C, 0x00003015, 0x00003014, 0x000052DD, 0x00003015, 0x00003014, 0x00005B89, 0x00003015, 0x00003014,
        0x00006253, 0x00003015, 0x00003014, 0x00006557, 0x00003015, 0x00003014, 0x0000672C, 0x00003015, 0x00003014, 0x000070B9, 0x00003015,
        0x00003014, 0x000076D7, 0x00003015, 0x00003016, 0x00003017, 0x00003046, 0x00003099, 0x0000304B, 0x00003099, 0x0000304D, 0x00003099,
        0x0000304F, 0x00003099, 0x00003051, 0x00003099, 0x00003053, 0x00003099, 0x00003055, 0x00003099, 0x00003057, 0x00003099, 0x00003059,
        0x00003099, 0x0000305B, 0x00003099, 0x0000305D, 0x00003099, 0x0000305F, 0x00003099, 0x00003061, 0x00003099, 0x00003064, 0x00003099,
        0x00003066, 0x00003099, 0x00003068, 0x00003099, 0x0000306F, 0x00003099, 0x0000306F, 0x0000309A, 0x00003072, 0x00003099, 0x00003072,
        0x0000309A, 0x00003075, 0x00003099, 0x00003075, 0x0000309A, 0x00003078, 0x00003099, 0x00003078, 0x0000309A, 0x0000307B, 0x0000304B,
        0x0000307B, 0x00003099, 0x0000307B, 0x0000309A, 0x00003088, 0x0000308A, 0x0000309D, 0x00003099, 0x000030A1, 0x000030A2, 0x000030A2,
        0x000030CF, 0x0000309A, 0x000030FC, 0x000030C8, 0x000030A2, 0x000030EB, 0x000030D5, 0x000030A1, 0x000030A2, 0x000030F3, 0x000030D8,
        0x0000309A, 0x000030A2, 0x000030A2, 0x000030FC, 0x000030EB, 0x000030A3, 0x000030A4, 0x000030A4, 0x000030CB, 0x000030F3, 0x000030AF,
        0x00003099, 0x000030A4, 0x000030F3, 0x000030C1, 0x000030A5, 0x000030A6, 0x000030A6, 0x00003099, 0x000030A6, 0x000030A9, 0x000030F3,
        0x000030A7, 0x000030A8, 0x000030A8, 0x000030B9, 0x000030AF, 0x000030FC, 0x000030C8, 0x00003099, 0x000030A8, 0x000030FC, 0x000030AB,
        0x000030FC, 0x000030AA, 0x000030AA, 0x000030F3, 0x000030B9, 0x000030AA, 0x000030FC, 0x000030E0, 0x000030AB, 0x00003099, 0x000030AB,
        0x00003099, 0x000030ED, 0x000030F3, 0x000030AB, 0x00003099, 0x000030F3, 0x000030DE, 0x000030AB, 0x000030A4, 0x000030EA, 0x000030AB,
        0x000030E9, 0x000030C3, 0x000030C8, 0x000030AB, 0x000030ED, 0x000030EA, 0x000030FC, 0x000030AD, 0x000030AD, 0x00003099, 0x000030AD,
        0x00003099, 0x000030AB, 0x00003099, 0x000030AD, 0x00003099, 0x000030CB, 0x000030FC, 0x000030AD, 0x00003099, 0x000030EB, 0x000030BF,
        0x00003099, 0x000030FC, 0x000030AD, 0x000030E5, 0x000030EA, 0x000030FC, 0x000030AD, 0x000030ED, 0x000030AD, 0x000030ED, 0x000030AF,
        0x00003099, 0x000030E9, 0x000030E0, 0x000030AD, 0x000030ED, 0x000030E1, 0x000030FC, 0x000030C8, 0x000030EB, 0x000030AD, 0x000030ED,
        0x000030EF, 0x000030C3, 0x000030C8, 0x000030AF, 0x00003099, 0x000030E9, 0x000030E0, 0x000030C8, 0x000030F3, 0x000030AF, 0x000030EB,
        0x000030BB, 0x00003099, 0x000030A4, 0x000030ED, 0x000030AF, 0x000030ED, 0x000030FC, 0x000030CD, 0x000030B1, 0x000030B1, 0x00003099,
        0x000030B1, 0x000030FC, 0x000030B9, 0x000030B3, 0x000030B3, 0x00003099, 0x000030B3, 0x000030C8, 0x000030B3, 0x000030EB, 0x000030CA,
        0x000030B3, 0x000030FC, 0x000030DB, 0x0000309A, 0x000030B5, 0x000030B5, 0x00003099, 0x000030B5, 0x000030A4, 0x000030AF, 0x000030EB,
        0x000030B5, 0x000030F3, 0x000030C1, 0x000030FC, 0x000030E0, 0x000030B7, 0x000030B7, 0x00003099, 0x000030B7, 0x000030EA, 0x000030F3,
        0x000030AF, 0x00003099, 0x000030B9, 0x00003099, 0x000030BB, 0x000030F3, 0x000030C1, 0x000030BB, 0x000030F3, 0x000030C8, 0x000030BD,
        0x000030BD, 0x00003099, 0x000030BF, 0x00003099, 0x000030FC, 0x000030B9, 0x000030C1, 0x00003099, 0x000030C4, 0x000030C4, 0x00003099,
        0x000030C6, 0x000030C6, 0x00003099, 0x000030C6, 0x00003099, 0x000030B7, 0x000030C8, 0x00003099, 0x000030EB, 0x000030CA, 0x000030CE,
        0x000030CC, 0x000030CE, 0x000030C3, 0x000030C8, 0x000030CF, 0x00003099, 0x000030CF, 0x00003099, 0x000030FC, 0x000030EC, 0x000030EB,
        0x000030CF, 0x0000309A, 0x000030FC, 0x000030BB, 0x000030F3, 0x000030C8, 0x000030CF, 0x0000309A, 0x000030FC, 0x000030C4, 0x000030CF,
        0x000030A4, 0x000030C4, 0x000030D2, 0x000030D2, 0x00003099, 0x000030D2, 0x00003099, 0x000030EB, 0x000030D2, 0x0000309A, 0x000030D2,
        0x0000309A, 0x000030A2, 0x000030B9, 0x000030C8, 0x000030EB, 0x000030D2, 0x0000309A, 0x000030AF, 0x000030EB, 0x000030D2, 0x0000309A,
        0x000030B3, 0x000030D5, 0x00003099, 0x000030D5, 0x00003099, 0x000030C3, 0x000030B7, 0x000030A7, 0x000030EB, 0x000030D5, 0x0000309A,
        0x000030D5, 0x000030A1, 0x000030E9, 0x000030C3, 0x000030C8, 0x00003099, 0x000030D5, 0x000030A3, 0x000030FC, 0x000030C8, 0x000030D5,
        0x000030E9, 0x000030F3, 0x000030D8, 0x00003099, 0x000030D8, 0x00003099, 0x000030FC, 0x000030BF, 0x000030D8, 0x0000309A, 0x000030BD,
        0x000030D8, 0x0000309A, 0x000030CB, 0x000030D2, 0x000030D8, 0x0000309A, 0x000030F3, 0x000030B9, 0x000030D8, 0x0000309A, 0x000030FC,
        0x000030B7, 0x00003099, 0x000030D8, 0x000030AF, 0x000030BF, 0x000030FC, 0x000030EB, 0x000030D8, 0x000030EB, 0x000030C4, 0x000030DB,
        0x00003099, 0x000030DB, 0x00003099, 0x000030EB, 0x000030C8, 0x000030DB, 0x0000309A, 0x000030A4, 0x000030F3, 0x000030C8, 0x000030DB,
        0x0000309A, 0x000030F3, 0x000030C8, 0x00003099, 0x000030DB, 0x000030F3, 0x000030DB, 0x000030FC, 0x000030EB, 0x000030DB, 0x000030FC,
        0x000030F3, 0x000030DE, 0x000030A4, 0x000030AF, 0x000030ED, 0x000030DE, 0x000030A4, 0x000030EB, 0x000030DE, 0x000030C3, 0x000030CF,
        0x000030DE, 0x000030EB, 0x000030AF, 0x000030DE, 0x000030F3, 0x000030B7, 0x000030E7, 0x000030F3, 0x000030DF, 0x000030DF, 0x000030AF,
        0x000030ED, 0x000030F3, 0x000030DF, 0x000030EA, 0x000030DF, 0x000030EA, 0x000030CF, 0x00003099, 0x000030FC, 0x000030EB, 0x000030E1,
        0x000030AB, 0x00003099, 0x000030E1, 0x000030AB, 0x00003099, 0x000030C8, 0x000030F3, 0x000030E2, 0x000030E3, 0x000030E4, 0x000030E4,
        0x000030FC, 0x000030C8, 0x00003099, 0x000030E4, 0x000030FC, 0x000030EB, 0x000030E6, 0x000030E6, 0x000030A2, 0x000030F3, 0x000030E8,
        0x000030EA, 0x000030C3, 0x000030C8, 0x000030EB, 0x000030EA, 0x000030E9, 0x000030EB, 0x000030D2, 0x0000309A, 0x000030FC, 0x000030EB,
        0x000030FC, 0x000030D5, 0x00003099, 0x000030EB, 0x000030EC, 0x000030E0, 0x000030EC, 0x000030F3, 0x000030C8, 0x000030B1, 0x00003099,
        0x000030F3, 0x000030EF, 0x00003099, 0x000030F0, 0x000030F0, 0x00003099, 0x000030F1, 0x000030F1, 0x00003099, 0x000030F2, 0x000030F2,
        0x00003099, 0x000030FB, 0x000030FD, 0x00003099, 0x0000349E, 0x000034B9, 0x000034BB, 0x000034DF, 0x00003515, 0x000036EE, 0x000036FC,
        0x00003781, 0x0000382F, 0x00003862, 0x0000387C, 0x000038C7, 0x000038E3, 0x0000391C, 0x0000393A, 0x00003A2E, 0x00003A6C, 0x00003AE4,
        0x00003B08, 0x00003B19, 0x00003B49, 0x00003B9D, 0x00003C18, 0x00003C4E, 0x00003D33, 0x00003D96, 0x00003EAC, 0x00003EB8, 0x00003F1B,
        0x00003FFC, 0x00004008, 0x00004018, 0x00004039, 0x00004046, 0x00004096, 0x000040E3, 0x0000412F, 0x00004202, 0x00004227, 0x000042A0,
        0x00004301, 0x00004334, 0x00004359, 0x000043D5, 0x000043D9, 0x0000440B, 0x0000446B, 0x0000452B, 0x0000455D, 0x00004561, 0x0000456B,
        0x000045D7, 0x000045F9, 0x00004635, 0x000046BE, 0x000046C7, 0x00004995, 0x000049E6, 0x00004A6E, 0x00004A76, 0x00004AB2, 0x00004B33,
        0x00004BCE, 0x00004CCE, 0x00004CED, 0x00004CF8, 0x00004D56, 0x00004E01, 0x00004E0A, 0x00004E0B, 0x00004E0D, 0x00004E19, 0x00004E26,
        0x00004E28, 0x00004E2D, 0x00004E32, 0x00004E36, 0x00004E38, 0x00004E39, 0x00004E3D, 0x00004E3F, 0x00004E41, 0x00004E59, 0x00004E82,
        0x00004E85, 0x00004E86, 0x00004EA0, 0x00004EA4, 0x00004EAE, 0x00004EBA, 0x00004EC0, 0x00004ECC, 0x00004EE4, 0x00004EE4, 0x0000548C,
        0x00004F60, 0x00004F80, 0x00004F86, 0x00004F8B, 0x00004FAE, 0x00004FBB, 0x00004FBF, 0x00005002, 0x0000502B, 0x0000507A, 0x00005099,
        0x000050CF, 0x000050DA, 0x000050E7, 0x0000512A, 0x0000513F, 0x00005140, 0x00005145, 0x0000514D, 0x00005154, 0x00005164, 0x00005165,
        0x00005167, 0x00005168, 0x00005169, 0x00005177, 0x00005180, 0x00005182, 0x0000518D, 0x00005192, 0x00005195, 0x00005196, 0x00005197,
        0x00005199, 0x000051A4, 0x000051AB, 0x000051AC, 0x000051B5, 0x000051B7, 0x000051C9, 0x000051CC, 0x000051DC, 0x000051DE, 0x000051E0,
        0x000051F5, 0x00005200, 0x00005203, 0x00005207, 0x00005217, 0x0000521D, 0x00005229, 0x0000523A, 0x0000523B, 0x00005246, 0x0000524D,
        0x00005272, 0x00005277, 0x00005289, 0x0000529B, 0x000052A3, 0x000052B3, 0x000052C7, 0x000052C9, 0x000052D2, 0x000052DE, 0x000052E4,
        0x000052F5, 0x000052F9, 0x000052FA, 0x00005305, 0x00005306, 0x00005315, 0x00005317, 0x0000531A, 0x00005338, 0x0000533B, 0x0000533F,
        0x00005344, 0x00005345, 0x00005349, 0x00005351, 0x0000535A, 0x0000535C, 0x00005369, 0x00005370, 0x00005373, 0x00005375, 0x0000537D,
        0x0000537F, 0x00005382, 0x000053B6, 0x000053C3, 0x000053C8, 0x000053CA, 0x000053CC, 0x000053DF, 0x000053E3, 0x000053E5, 0x000053EB,
        0x000053EF, 0x000053F1, 0x000053F3, 0x00005406, 0x00005408, 0x0000540F, 0x0000541D, 0x00005438, 0x00005439, 0x00005442, 0x00005448,
        0x00005468, 0x0000549E, 0x000054A2, 0x000054BD, 0x000054F6, 0x00005510, 0x0000554F, 0x00005553, 0x00005555, 0x00005563, 0x00005584,
        0x00005587, 0x00005599, 0x0000559D, 0x000055AB, 0x000055B3, 0x000055B6, 0x000055C0, 0x000055C2, 0x000055E2, 0x00005606, 0x00005651,
        0x00005668, 0x00005674, 0x000056D7, 0x000056F9, 0x00005716, 0x00005717, 0x00005730, 0x0000578B, 0x000057CE, 0x000057F4, 0x0000580D,
        0x00005831, 0x00005832, 0x00005840, 0x0000585A, 0x0000585E, 0x000058A8, 0x000058AC, 0x000058B3, 0x000058D8, 0x000058DF, 0x000058EB,
        0x000058EE, 0x000058F0, 0x000058F2, 0x000058F7, 0x00005902, 0x00005906, 0x0000590A, 0x00005915, 0x0000591A, 0x0000591C, 0x00005922,
        0x00005927, 0x00005927, 0x00006B63, 0x00005929, 0x00005944, 0x00005948, 0x00005951, 0x00005954, 0x00005962, 0x00005973, 0x000059D8,
        0x000059EC, 0x00005A1B, 0x00005A27, 0x00005A62, 0x00005A66, 0x00005AB5, 0x00005B08, 0x00005B28, 0x00005B3E, 0x00005B50, 0x00005B57,
        0x00005B80, 0x00005B85, 0x00005B97, 0x00005BC3, 0x00005BD8, 0x00005BE7, 0x00005BEE, 0x00005BF3, 0x00005BF8, 0x00005BFF, 0x00005C06,
        0x00005C0F, 0x00005C22, 0x00005C38, 0x00005C3F, 0x00005C60, 0x00005C62, 0x00005C64, 0x00005C65, 0x00005C6E, 0x00005C71, 0x00005C8D,
        0x00005CC0, 0x00005D19, 0x00005D43, 0x00005D50, 0x00005D6B, 0x00005D6E, 0x00005D7C, 0x00005DB2, 0x00005DBA, 0x00005DDB, 0x00005DE1,
        0x00005DE2, 0x00005DE5, 0x00005DE6, 0x00005DF1, 0x00005DFD, 0x00005DFE, 0x00005E28, 0x00005E3D, 0x00005E69, 0x00005E72, 0x00005E73,
        0x00006210, 0x00005E74, 0x00005E7A, 0x00005E7C, 0x00005E7F, 0x00005EA6, 0x00005EB0, 0x00005EB3, 0x00005EB6, 0x00005EC9, 0x00005ECA,
        0x00005ED2, 0x00005ED3, 0x00005ED9, 0x00005EEC, 0x00005EF4, 0x00005EFE, 0x00005F04, 0x00005F0B, 0x00005F13, 0x00005F22, 0x00005F50,
        0x00005F53, 0x00005F61, 0x00005F62, 0x00005F69, 0x00005F6B, 0x00005F73, 0x00005F8B, 0x00005F8C, 0x00005F97, 0x00005F9A, 0x00005FA9,
        0x00005FAD, 0x00005FC3, 0x00005FCD, 0x00005FD7, 0x00005FF5, 0x00005FF9, 0x00006012, 0x0000601C, 0x00006075, 0x00006081, 0x00006094,
        0x000060C7, 0x000060D8, 0x000060E1, 0x00006108, 0x00006144, 0x00006148, 0x0000614C, 0x0000614E, 0x00006160, 0x00006168, 0x0000617A,
        0x0000618E, 0x00006190, 0x000061A4, 0x000061AF, 0x000061B2, 0x000061DE, 0x000061F2, 0x000061F6, 0x00006200, 0x00006208, 0x0000621B,
        0x0000622E, 0x00006234, 0x00006236, 0x0000624B, 0x0000625D, 0x00006295, 0x000062B1, 0x000062C9, 0x000062CF, 0x000062D3, 0x000062D4,
        0x000062FC, 0x000062FE, 0x00006307, 0x0000633D, 0x00006350, 0x00006355, 0x00006368, 0x0000637B, 0x00006383, 0x000063A0, 0x000063A9,
        0x000063C4, 0x000063C5, 0x000063E4, 0x0000641C, 0x00006422, 0x00006452, 0x00006469, 0x00006477, 0x0000647E, 0x0000649A, 0x0000649D,
        0x000064C4, 0x0000652F, 0x00006534, 0x0000654F, 0x00006556, 0x0000656C, 0x00006578, 0x00006587, 0x00006597, 0x00006599, 0x000065A4,
        0x000065B0, 0x000065B9, 0x000065C5, 0x000065E0, 0x000065E2, 0x000065E3, 0x0000660E, 0x00006CBB, 0x00006613, 0x00006620, 0x0000662D,
        0x0000548C, 0x00006649, 0x00006674, 0x00006688, 0x00006691, 0x0000669C, 0x000066B4, 0x000066C6, 0x000066F0, 0x000066F4, 0x000066F8,
        0x00006700, 0x00006717, 0x0000671B, 0x00006721, 0x0000674E, 0x00006753, 0x00006756, 0x0000675E, 0x0000677B, 0x00006785, 0x00006797,
        0x000067F3, 0x000067FA, 0x00006817, 0x0000681F, 0x0000682A, 0x00005F0F, 0x00004F1A, 0x0000793E, 0x00006852, 0x00006881, 0x00006885,
        0x0000688E, 0x000068A8, 0x00006914, 0x00006942, 0x000069A3, 0x000069EA, 0x00006A02, 0x00006A13, 0x00006AA8, 0x00006AD3, 0x00006ADB,
        0x00006B04, 0x00006B20, 0x00006B21, 0x00006B54, 0x00006B62, 0x00006B72, 0x00006B77, 0x00006B79, 0x00006B9F, 0x00006BAE, 0x00006BB3,
        0x00006BBA, 0x00006BBB, 0x00006BCB, 0x00006BCD, 0x00006BD4, 0x00006BDB, 0x00006C0F, 0x00006C14, 0x00006C4E, 0x00006C67, 0x00006C88,
        0x00006CBF, 0x00006CCC, 0x00006CCD, 0x00006CE5, 0x00006CE8, 0x00006D16, 0x00006D1B, 0x00006D1E, 0x00006D34, 0x00006D3E, 0x00006D41,
        0x00006D69, 0x00006D6A, 0x00006D77, 0x00006D78, 0x00006D85, 0x00006DCB, 0x00006DDA, 0x00006DEA, 0x00006DF9, 0x00006E1A, 0x00006E2F,
        0x00006E6E, 0x00006E80, 0x00006E9C, 0x00006EBA, 0x00006EC7, 0x00006ECB, 0x00006ED1, 0x00006EDB, 0x00006F0F, 0x00006F14, 0x00006F22,
        0x00006F23, 0x00006F6E, 0x00006FC6, 0x00006FEB, 0x00006FFE, 0x0000701B, 0x0000701E, 0x00007039, 0x0000704A, 0x00007070, 0x00007077,
        0x0000707D, 0x00007099, 0x000070AD, 0x000070C8, 0x000070D9, 0x00007121, 0x00007145, 0x00007149, 0x0000716E, 0x0000719C, 0x000071CE,
        0x000071D0, 0x00007210, 0x0000721B, 0x00007228, 0x0000722A, 0x0000722B, 0x00007235, 0x00007236, 0x0000723B, 0x0000723F, 0x00007247,
        0x00007250, 0x00007259, 0x0000725B, 0x00007262, 0x00007280, 0x00007295, 0x000072AC, 0x000072AF, 0x000072C0, 0x000072FC, 0x0000732A,
        0x00007375, 0x0000737A, 0x00007384, 0x00007387, 0x00007389, 0x0000738B, 0x000073A5, 0x000073B2, 0x000073DE, 0x00007406, 0x00007409,
        0x00007422, 0x00007447, 0x0000745C, 0x00007469, 0x00007471, 0x00007485, 0x00007489, 0x00007498, 0x000074CA, 0x000074DC, 0x000074E6,
        0x00007506, 0x00007518, 0x0000751F, 0x00007524, 0x00007528, 0x00007530, 0x00007532, 0x00007533, 0x00007537, 0x0000753B, 0x0000753E,
        0x00007559, 0x00007565, 0x00007570, 0x0000758B, 0x00007592, 0x000075E2, 0x00007610, 0x0000761D, 0x0000761F, 0x00007642, 0x00007669,
        0x00007676, 0x0000767D, 0x000076AE, 0x000076BF, 0x000076CA, 0x000076DB, 0x000076E7, 0x000076EE, 0x000076F4, 0x00007701, 0x0000771E,
        0x0000771F, 0x00007740, 0x0000774A, 0x0000778B, 0x000077A7, 0x000077DB, 0x000077E2, 0x000077F3, 0x0000784E, 0x0000786B, 0x0000788C,
        0x00007891, 0x000078CA, 0x000078CC, 0x000078FB, 0x0000792A, 0x0000793A, 0x0000793C, 0x00007948, 0x00007949, 0x00007950, 0x00007956,
        0x0000795E, 0x00007965, 0x0000797F, 0x00007981, 0x0000798D, 0x0000798E, 0x0000798F, 0x000079AE, 0x000079B8, 0x000079BE, 0x000079CA,
        0x000079D8, 0x000079EB, 0x00007A1C, 0x00007A40, 0x00007A4A, 0x00007A4F, 0x00007A74, 0x00007A7A, 0x00007A81, 0x00007AB1, 0x00007ACB,
        0x00007AEE, 0x00007AF9, 0x00007B20, 0x00007B8F, 0x00007BC0, 0x00007BC6, 0x00007BC9, 0x00007C3E, 0x00007C60, 0x00007C73, 0x00007C7B,
        0x00007C92, 0x00007CBE, 0x00007CD2, 0x00007CD6, 0x00007CE3, 0x00007CE7, 0x00007CE8, 0x00007CF8, 0x00007D00, 0x00007D10, 0x00007D22,
        0x00007D2F, 0x00007D42, 0x00007D5B, 0x00007D63, 0x00007DA0, 0x00007DBE, 0x00007DC7, 0x00007DF4, 0x00007E02, 0x00007E09, 0x00007E37,
        0x00007E41, 0x00007E45, 0x00007F36, 0x00007F3E, 0x00007F51, 0x00007F72, 0x00007F79, 0x00007F7A, 0x00007F85, 0x00007F8A, 0x00007F95,
        0x00007F9A, 0x00007FBD, 0x00007FFA, 0x00008001, 0x00008005, 0x0000800C, 0x00008012, 0x00008033, 0x00008046, 0x00008060, 0x0000806F,
        0x00008070, 0x0000807E, 0x0000807F, 0x00008089, 0x0000808B, 0x000080AD, 0x000080B2, 0x00008103, 0x0000813E, 0x000081D8, 0x000081E3,
        0x000081E8, 0x000081ED, 0x000081FC, 0x00008201, 0x00008204, 0x0000820C, 0x00008218, 0x0000821B, 0x0000821F, 0x0000826E, 0x0000826F,
        0x00008272, 0x00008278, 0x00008279, 0x0000828B, 0x00008291, 0x0000829D, 0x000082B1, 0x000082B3, 0x000082BD, 0x000082E5, 0x000082E6,
        0x0000831D, 0x00008323, 0x00008336, 0x00008352, 0x00008353, 0x00008363, 0x000083AD, 0x000083BD, 0x000083C9, 0x000083CA, 0x000083CC,
        0x000083DC, 0x000083E7, 0x000083EF, 0x000083F1, 0x0000843D, 0x00008449, 0x00008457, 0x000084EE, 0x000084F1, 0x000084F3, 0x000084FC,
        0x00008516, 0x00008564, 0x000085CD, 0x000085FA, 0x00008606, 0x00008612, 0x0000862D, 0x0000863F, 0x0000864D, 0x00008650, 0x0000865C,
        0x00008667, 0x00008669, 0x0000866B, 0x00008688, 0x000086A9, 0x000086E2, 0x0000870E, 0x00008728, 0x0000876B, 0x00008779, 0x00008786,
        0x000087BA, 0x000087E1, 0x00008801, 0x0000881F, 0x00008840, 0x0000884C, 0x00008860, 0x00008863, 0x000088C2, 0x000088CF, 0x000088D7,
        0x000088DE, 0x000088E1, 0x000088F8, 0x000088FA, 0x00008910, 0x00008941, 0x00008964, 0x0000897E, 0x00008986, 0x0000898B, 0x00008996,
        0x000089D2, 0x000089E3, 0x00008A00, 0x00008AA0, 0x00008AAA, 0x00008ABF, 0x00008ACB, 0x00008AD2, 0x00008AD6, 0x00008AED, 0x00008AF8,
        0x00008AFE, 0x00008B01, 0x00008B39, 0x00008B58, 0x00008B80, 0x00008B8A, 0x00008C37, 0x00008C46, 0x00008C48, 0x00008C55, 0x00008C78,
        0x00008C9D, 0x00008CA9, 0x00008CAB, 0x00008CC1, 0x00008CC2, 0x00008CC8, 0x00008CD3, 0x00008D08, 0x00008D1B, 0x00008D64, 0x00008D70,
        0x00008D77, 0x00008DB3, 0x00008DBC, 0x00008DCB, 0x00008DEF, 0x00008DF0, 0x00008EAB, 0x00008ECA, 0x00008ED4, 0x00008F26, 0x00008F2A,
        0x00008F38, 0x00008F3B, 0x00008F62, 0x00008F9B, 0x00008F9E, 0x00008FB0, 0x00008FB5, 0x00008FB6, 0x00009023, 0x00009038, 0x0000904A,
        0x00009069, 0x00009072, 0x0000907C, 0x0000908F, 0x00009091, 0x00009094, 0x000090CE, 0x000090DE, 0x000090F1, 0x000090FD, 0x00009111,
        0x0000911B, 0x00009149, 0x0000914D, 0x0000916A, 0x00009199, 0x000091B4, 0x000091C6, 0x000091CC, 0x000091CF, 0x00009234, 0x00009238,
        0x00009276, 0x0000927C, 0x000092D7, 0x000092D8, 0x00009304, 0x0000934A, 0x000093F9, 0x00009415, 0x00009577, 0x00009580, 0x0000958B,
        0x000095AD, 0x000095B7, 0x0000961C, 0x0000962E, 0x0000964B, 0x0000964D, 0x00009675, 0x00009678, 0x0000967C, 0x00009686, 0x000096A3,
        0x000096B6, 0x000096B7, 0x000096B8, 0x000096B9, 0x000096C3, 0x000096E2, 0x000096E3, 0x000096E8, 0x000096F6, 0x000096F7, 0x00009723,
        0x00009732, 0x00009748, 0x00009751, 0x00009756, 0x0000975E, 0x00009762, 0x00009769, 0x000097CB, 0x000097DB, 0x000097E0, 0x000097ED,
        0x000097F3, 0x000097FF, 0x00009801, 0x00009805, 0x0000980B, 0x00009818, 0x00009829, 0x0000983B, 0x0000985E, 0x000098A8, 0x000098DB,
        0x000098DF, 0x000098E2, 0x000098EF, 0x000098FC, 0x00009928, 0x00009929, 0x00009996, 0x00009999, 0x000099A7, 0x000099AC, 0x000099C2,
        0x000099F1, 0x000099FE, 0x00009A6A, 0x00009AA8, 0x00009AD8, 0x00009ADF, 0x00009B12, 0x00009B25, 0x00009B2F, 0x00009B32, 0x00009B3C,
        0x00009B5A, 0x00009B6F, 0x00009C40, 0x00009C57, 0x00009CE5, 0x00009CFD, 0x00009D67, 0x00009DB4, 0x00009DFA, 0x00009E1E, 0x00009E75,
        0x00009E7F, 0x00009E97, 0x00009E9F, 0x00009EA5, 0x00009EBB, 0x00009EC3, 0x00009ECD, 0x00009ECE, 0x00009ED1, 0x00009EF9, 0x00009EFD,
        0x00009EFE, 0x00009F05, 0x00009F0E, 0x00009F0F, 0x00009F13, 0x00009F16, 0x00009F20, 0x00009F3B, 0x00009F43, 0x00009F4A, 0x00009F52,
        0x00009F8D, 0x00009F8E, 0x00009F9C, 0x00009F9F, 0x00009FA0, 0x0000A651, 0x0000A689, 0x0000A727, 0x0000A76F, 0x0000A78E, 0x0000AB37,
        0x0000AB52, 0x0000AB66, 0x0000AB67, 0x000105D2, 0x00000307, 0x000105DA, 0x00000307, 0x00011099, 0x000110BA, 0x0001109B, 0x000110BA,
        0x000110A5, 0x000110BA, 0x00011131, 0x00011127, 0x00011132, 0x00011127, 0x00011347, 0x0001133E, 0x00011347, 0x00011357, 0x00011382,
        0x000113C9, 0x00011384, 0x000113BB, 0x0001138B, 0x000113C2, 0x00011390, 0x000113C9, 0x000113C2, 0x000113B8, 0x000113C2, 0x000113C2,
        0x000113C2, 0x000113C9, 0x000114B9, 0x000114B0, 0x000114B9, 0x000114BA, 0x000114B9, 0x000114BD, 0x000115B8, 0x000115AF, 0x000115B9,
        0x000115AF, 0x00011935, 0x00011930, 0x0001611E, 0x0001611E, 0x0001611E, 0x0001611E, 0x0001611F, 0x0001611E, 0x0001611E, 0x00016120,
        0x0001611E, 0x00016129, 0x0001611E, 0x00016129, 0x0001611F, 0x00016D63, 0x00016D67, 0x00016D63, 0x00016D67, 0x00016D67, 0x0001D157,
        0x0001D165, 0x0001D158, 0x0001D165, 0x0001D158, 0x0001D165, 0x0001D16E, 0x0001D158, 0x0001D165, 0x0001D16F, 0x0001D158, 0x0001D165,
        0x0001D170, 0x0001D158, 0x0001D165, 0x0001D171, 0x0001D158, 0x0001D165, 0x0001D172, 0x0001D1B9, 0x0001D165, 0x0001D1B9, 0x0001D165,
        0x0001D16E, 0x0001D1B9, 0x0001D165, 0x0001D16F, 0x0001D1BA, 0x0001D165, 0x0001D1BA, 0x0001D165, 0x0001D16E, 0x0001D1BA, 0x0001D165,
        0x0001D16F, 0x0001DF04, 0x0001DF05, 0x0001DF06, 0x0001DF08, 0x0001DF0A, 0x0001DF1E, 0x00020122, 0x0002051C, 0x00020525, 0x0002054B,
        0x0002063A, 0x00020804, 0x000208DE, 0x00020A2C, 0x00020B63, 0x000214E4, 0x000216A8, 0x000216EA, 0x000219C8, 0x00021B18, 0x00021D0B,
        0x00021DE4, 0x00021DE6, 0x00022183, 0x0002219F, 0x00022331, 0x000226D4, 0x00022844, 0x0002284A, 0x00022B0C, 0x00022BF1, 0x0002300A,
        0x000232B8, 0x0002335F, 0x00023393, 0x0002339C, 0x000233C3, 0x000233D5, 0x0002346D, 0x000236A3, 0x000238A7, 0x00023A8D, 0x00023AFA,
        0x00023CBC, 0x00023D1E, 0x00023ED1, 0x00023F5E, 0x00023F8E, 0x00024263, 0x000242EE, 0x000243AB, 0x00024608, 0x00024735, 0x00024814,
        0x00024C36, 0x00024C92, 0x00024FA1, 0x00024FB8, 0x00025044, 0x000250F2, 0x000250F3, 0x00025119, 0x00025133, 0x00025249, 0x0002541D,
        0x00025626, 0x0002569A, 0x000256C5, 0x0002597C, 0x00025AA7, 0x00025BAB, 0x00025C80, 0x00025CD0, 0x00025F86, 0x000261DA, 0x00026228,
        0x00026247, 0x000262D9, 0x0002633E, 0x000264DA, 0x00026523, 0x000265A8, 0x000267A7, 0x000267B5, 0x00026B3C, 0x00026C36, 0x00026CD5,
        0x00026D6B, 0x00026F2C, 0x00026FB1, 0x000270D2, 0x000273CA, 0x00027667, 0x000278AE, 0x00027966, 0x00027CA8, 0x00027ED3, 0x00027F2F,
        0x000285D2, 0x000285ED, 0x0002872E, 0x00028BFA, 0x00028D77, 0x00029145, 0x000291DF, 0x0002921A, 0x0002940A, 0x00029496, 0x000295B6,
        0x00029B30, 0x0002A0CE, 0x0002A105, 0x0002A20E, 0x0002A291, 0x0002A392, 0x0002A600
    };
} // namespace upp::impl::unicode_data::decomposition::impl

#endif // UNI_CPP_IMPL_UNICODE_DATA_DATA_DECOMPOSITION_DATA_INLINE_HPP
